# ML Zoomcamp 2026 full distrust audit; active occurrence rows are final state.
# Contact sheets: all nine module sheets reviewed; native/lesson-size spot checks included.
# Status is explicit per occurrence: final active rows PASS; pre-fix action rows FAIL with disposition.
record	status	disposition	module	lesson	line	reference	alt_or_label	source_type	dimensions	crispness	overlays	fidelity	context_before	context_after	note	remote_check
pre-fix action	FAIL	REPLACE	04-evaluation	02-accuracy.md	88	images/02-accuracy-01-accuracy-vs-threshold-crisp.png		original screenshot	372x248 source, 744x496 active upscale	FAIL	none	PASS			soft 2x accuracy plot; replaced by deterministic SVG/PNG render	
pre-fix action	FAIL	REPLACE	03-classification	09-logistic-regression.md	98	images/09-logistic-regression-04-sigmoid-plot-crisp.png		original screenshot	370x245 source, 740x490 active upscale	FAIL	none	PASS			soft 2x sigmoid plot; replaced by deterministic SVG/PNG render	
pre-fix action	FAIL	REMOVE	04-evaluation	03-confusion-table.md	148	images/confusion_matrix-cropped.png		external diagram	1380x562	PASS	none	FAIL			unsupported/redundant legacy confusion diagram removed; lesson table and deterministic diagrams remain	
pre-fix action	FAIL	REMOVE	04-evaluation	04-precision-recall.md	89	images/classification_metrics-cropped.png		external diagram	1134x620	PASS	none	FAIL			redundant legacy precision/recall formula diagram removed; formulas remain in lesson text	
pre-fix action	FAIL	REMOVE	04-evaluation	05-roc.md	27	images/TPR_FPR.png		external diagram	1028x472	PASS	none	FAIL			duplicate legacy TPR/FPR diagram removed; exact formulas and code remain	
pre-fix action	FAIL	REMOVE	04-evaluation	05-roc.md	204	images/TPR_FPR.png		external diagram	1028x472	PASS	none	FAIL			second duplicate TPR/FPR reference removed	
active	PASS	KEEP	01-intro	01-what-is-ml.md	14	images/01-what-is-ml-01-price-field-imagegen-pilot.png	The price field in the form for creating a car ad	conceptual imagegen	1816x866	PASS	none	PASS	You don't want to put a price that is too high - nobody will buy the car. You also don't want a price that is too low - you're leaving money on the table. The seller wants a price that is just right.	Some people go to the website, look at existing ads and pick a price based on similar cars. That works, but we - as the owners of the website - can do better and suggest a price automatically. This is a good use case for machine learning.		
active	PASS	KEEP	01-intro	01-what-is-ml.md	28	images/01-what-is-ml-02-known-about-cars-imagegen-pilot.png	The table of what we know about cars	conceptual imagegen	1659x948	PASS	none	PASS	- The model, the number of doors and many other characteristics.	Using this information, an expert can determine the price. If you want to sell a car through a dealership, an expert looks at the year, the manufacturer, the mileage, and tells you how much this car costs. Experts can do this because they have seen many cars: they learned from data, extracted patterns - an old car is less expensive, the more a car drove the cheaper it becomes - and now they apply these patterns to new cars.		
active	PASS	KEEP	01-intro	01-what-is-ml.md	34	images/01-what-is-ml-03-expert-or-model-imagegen-pilot.png	An expert extracts patterns from data; so does machine learning	conceptual imagegen	1672x941	PASS	none	PASS	If an expert can do this, so can a model. We take a dataset with these characteristics and the prices, put it into a machine learning algorithm, and the model learns the patterns itself. This is the essence of machine learning: we take data, and the model extracts patterns from it. This way we replicate what experts learn from data.	## Features and target		
active	PASS	KEEP	01-intro	01-what-is-ml.md	45	images/01-what-is-ml-04-features-target-imagegen-pilot.png	Features - what we know about cars; target - what we want to predict	conceptual imagegen	1690x931	PASS	none	PASS	We collect the features of all the cars we have into a table, together with a column of prices - the target.	## Training a model		
active	PASS	KEEP	01-intro	01-what-is-ml.md	51	images/01-what-is-ml-05-model-training-imagegen-pilot.png	Model training: features and target go in, a model comes out	conceptual imagegen	1536x1024	PASS	none	PASS	Training means taking the features and the target and giving them to a machine learning algorithm. The algorithm produces a model.	The model encapsulates all the patterns it learned from the data. It is a single artifact we can save and use later.		
active	PASS	KEEP	01-intro	01-what-is-ml.md	59	images/01-what-is-ml-06-using-model-imagegen-pilot.png	Using a model: features go in, predictions come out	conceptual imagegen	1751x898	PASS	none	PASS	Once we have the model, we can use it to predict prices of cars for which we don't know the price. We take the features - all the information about a car except the price, because this is what we want to predict - put them into the model, and the model outputs the prediction.	The model is not always able to predict the exact price of a specific car. But the predictions are usually correct on average: for a car of this year, this make and this mileage, this is roughly how much such a car costs. For a specific car it might be a bit lower or higher.		
active	PASS	KEEP	01-intro	01-what-is-ml.md	67	images/01-what-is-ml-07-suggest-price-imagegen-pilot.png	The form the model helps to fill with a suggested price	conceptual imagegen	1432x1098	PASS	none	PASS	Back to the seller on our website. They fill in the form with all the information about their car. We extract the features - year, make, mileage and so on - put them into the model, and it gives us the predicted price. We put this prediction into the price field for the user.	The user is happy: they don't have to research prices themselves. If they want, they can still adjust the price - put it higher or lower - but the model gives them a good starting point.		
active	PASS	KEEP	01-intro	02-ml-vs-rules.md	14	images/02-ml-vs-rules-01-spam-examples-imagegen-pilot.png	Examples of spam emails	conceptual imagegen	1626x967	PASS	none	PASS	We want to fight these emails. The plan: add a spam folder and send everything that is spam there. To do this we need a classifier - something that classifies each email into spam or not spam.	## The rule-based approach		
active	PASS	KEEP	01-intro	02-ml-vs-rules.md	25	images/02-ml-vs-rules-02-rules-imagegen-pilot.png	The rules we came up with	conceptual imagegen	1642x958	PASS	none	PASS	We turn these observations into rules, write them down in Python and deploy the system:	"It works - for a while. Then people start complaining about other kinds of unsolicited messages, for example a ""prize"" email that asks you to pay a small fee and deposit $10 to some account. We analyze it, notice that all these spam messages contain the word ""deposit"", and add a new rule: if the body contains the word ""deposit"", mark the message as spam."		
active	PASS	KEEP	01-intro	02-ml-vs-rules.md	29	images/02-ml-vs-rules-03-more-spam-imagegen-pilot.png	A new kind of spam that mentions a deposit	conceptual imagegen	1629x965	PASS	none	PASS	"It works - for a while. Then people start complaining about other kinds of unsolicited messages, for example a ""prize"" email that asks you to pay a small fee and deposit $10 to some account. We analyze it, notice that all these spam messages contain the word ""deposit"", and add a new rule: if the body contains the word ""deposit"", mark the message as spam."	"That works fine for a little while too - until a genuine user, Pedro, writes about the deposit he paid and wants to get back. His legitimate email contains the word ""deposit"", so our system incorrectly marks it as spam."		
active	PASS	KEEP	01-intro	02-ml-vs-rules.md	58	images/02-ml-vs-rules-04-features-imagegen-pilot.png	The six binary features for our spam example	conceptual imagegen	1628x966	PASS	none	PASS	- And so on.	"Notice that many of these features come directly from the rules we had before - the particular sender, the domain, the word ""deposit"". It is actually a good idea to start with a rule-based system and not jump into machine learning immediately: the rules you learn along the way become features for the machine learning system."		
active	PASS	KEEP	01-intro	02-ml-vs-rules.md	66	images/02-ml-vs-rules-05-encode-email-imagegen-pilot.png	Encoding an email as a vector of features	conceptual imagegen	1628x966	PASS	none	PASS	"Now we can encode every email as a vector of feature values. For the spam email below: the title is longer than 10 characters (1), the body is long (1), the sender is not `promotions@online.com` (0), it is not the hard-to-read sender (0), the sender domain is ""test.com"" (1), and the body contains the word ""deposit"" (1). And because the user marked this email as spam, the target is 1."	We do this for every email until we have a dataset: the feature values for each email plus the target variable - spam or not spam.		
active	PASS	KEEP	01-intro	02-ml-vs-rules.md	81	images/02-ml-vs-rules-06-predictions-imagegen-pilot.png	The model outputs a probability for each email	conceptual imagegen	1629x966	PASS	none	PASS	- 0.01 - very unlikely to be spam.	To actually make a decision - put an email in the spam folder or not - we define a threshold. For example: if the predicted probability is greater than or equal to 0.5 (more than 50% chance of being spam), we put the message in the spam folder. Everything predicted as spam goes to the spam folder, everything else goes to the inbox.		
active	PASS	KEEP	01-intro	02-ml-vs-rules.md	91	images/02-ml-vs-rules-07-rule-based-summary-imagegen-pilot.png	Rule-based systems: data and code go into the software, which produces the outcome	conceptual imagegen	1770x889	PASS	none	PASS	In a rule-based system, we extract rules ourselves and write them in code. The data (emails) and the code together form the software, and the software produces the outcome: spam or not spam. The rules are hard-coded - and, as we saw, such a system becomes difficult to maintain.	In machine learning, the roles flip. The outcome - spam or not spam - becomes the input to the machine learning algorithm, together with the data. The algorithm produces a model. Then, for cases where we don't know the outcome, we take the data and the model, and the model produces the prediction.		
active	PASS	KEEP	01-intro	02-ml-vs-rules.md	95	images/02-ml-vs-rules-08-ml-summary-imagegen-pilot.png	Machine learning: data and outcomes go in, a model comes out	conceptual imagegen	1537x1023	PASS	none	PASS	In machine learning, the roles flip. The outcome - spam or not spam - becomes the input to the machine learning algorithm, together with the data. The algorithm produces a model. Then, for cases where we don't know the outcome, we take the data and the model, and the model produces the prediction.	So in usual software we hard-code the outcome in the code. In machine learning the outcome is the input, and the rules are learned automatically from data.		
active	PASS	KEEP	01-intro	03-supervised-ml.md	24	images/03-supervised-ml-01-features-target-imagegen-pilot.png	The feature matrix X and the target vector y	conceptual imagegen	1695x928	PASS	none	PASS	The data we show the model has two parts:	- The feature matrix, usually written as capital X. A matrix is a two-dimensional array: the rows are our observations - the objects we want to make predictions for, one row per email - and the columns are the features.		
active	PASS	KEEP	01-intro	03-supervised-ml.md	29	images/03-supervised-ml-02-feature-matrix-imagegen-pilot.png	Rows of X are observations, columns are features; y has one value per row	conceptual imagegen	1536x1024	PASS	none	PASS	- The target variable, usually written as lowercase y. It is a vector - a one-dimensional array of numbers. For each row of X it contains the answer: 1 if the email is spam, 0 if not.	If you studied math a long time ago, don't worry about the terminology: X is just a two-dimensional array - an array of arrays, or a table - and y is a one-dimensional array of numbers.		
active	PASS	KEEP	01-intro	03-supervised-ml.md	45	images/03-supervised-ml-03-predictions-imagegen-pilot.png	The model produces predictions for each row of features	conceptual imagegen	1536x1024	PASS	none	PASS	When we apply the trained g to the features, we get predictions:	## Types of supervised machine learning		
active	PASS	KEEP	01-intro	03-supervised-ml.md	55	images/03-supervised-ml-04-regression-imagegen-pilot.png	Regression: the output is a number	conceptual imagegen	1698x926	PASS	none	PASS	Regression is the car price case: g returns a number. The output can be any number from zero to plus infinity - or whatever range makes sense for the problem.	Predicting the price of a house is another example: from the number of square meters, the number of rooms, the distance from the center and the closest subway station, we predict that the house costs, say, $1 million. Anything where the output is a number is a regression problem.		
active	PASS	KEEP	01-intro	03-supervised-ml.md	68	images/03-supervised-ml-05-multiclass-imagegen-pilot.png	Multiclass classification: the output is one of several categories	conceptual imagegen	1695x928	PASS	none	PASS	- Multiclass classification: more than two categories. For example, classifying images into cats, dogs and cars. It can be ten categories, a thousand - as many as you need.	### Ranking		
active	PASS	KEEP	01-intro	03-supervised-ml.md	76	images/03-supervised-ml-06-ranking-imagegen-pilot.png	Ranking: items are scored and the top ones are shown	conceptual imagegen	1536x1024	PASS	none	PASS	Under the hood there is a function that scores every item - for example, the probability that you will like it, from 0 to 1. Then it takes all the items, sorts them by score and shows you the top results, for example the top six.	"Google search does something similar: when you search for ""machine learning zoomcamp"", it looks at all the documents containing this phrase, scores each one by how likely it is to be relevant for you, and shows the highest-scored document first. Search on marketplaces like eBay works the same way: type ""iPhone"" and the site shows what is most relevant for you first."		
active	PASS	KEEP	01-intro	03-supervised-ml.md	88	images/03-supervised-ml-07-summary-imagegen-pilot.png	Summary: g(X) approximates y, and y can be a number, a category, or a ranking	conceptual imagegen	1672x941	PASS	none	PASS	Depending on the type of the target variable, we get regression, classification - which can be multiclass or binary - and ranking.	In this course we focus mostly on classification, but the next lesson is about regression. Binary classification is probably the most widely used type of supervised machine learning - you will definitely encounter a problem that can be solved as binary classification.		
active	PASS	KEEP	01-intro	04-crisp-dm.md	12	images/04-crisp-dm-01-ml-projects-imagegen-pilot.png	The high-level steps of an ML project	conceptual imagegen	1627x967	PASS	none	PASS	For a machine learning project we need to understand the problem, collect the data, train the model and use it. Methodologies like CRISP-DM help us organize these steps in a way that is manageable, so we know what needs to happen and in which order.	To remind you the spam detection system from the previous lessons: we get an email, extract features from it, put them into the model, and the model gives a score to each email. If the score is higher than 50%, the email goes to the spam folder; otherwise it goes to the inbox. We will map this project to the methodology.		
active	PASS	KEEP	01-intro	04-crisp-dm.md	20	images/04-crisp-dm-02-process-diagram-imagegen-pilot.png	The CRISP-DM process diagram	conceptual imagegen	1628x966	PASS	none	PASS	The process has six steps. Let's go through each of them.	## Step 1: Business understanding		
active	PASS	KEEP	01-intro	04-crisp-dm.md	26	images/04-crisp-dm-03-business-understanding-imagegen-pilot.png	Business understanding in the CRISP-DM diagram	conceptual imagegen	1628x966	PASS	none	PASS	The goal of this step is to identify the problem we want to solve.	For our spam example: the problem is that users complain about spam. First, we want to understand to what extent it is a problem - do a lot of users complain, or is it just one user? This helps us understand how impactful the project is and whether it is worth investing time into it.		
active	PASS	KEEP	01-intro	04-crisp-dm.md	57	images/04-crisp-dm-04-data-preparation-imagegen-pilot.png	Data preparation: raw emails go through a processing pipeline into a table	conceptual imagegen	1693x929	PASS	none	PASS	For our spam detection system: we have all the emails and the spam marks, and the pipeline puts everything together into a table where we clearly see the sender, the receiver, the subject, the body, and - most importantly - the target variable.	"From this table we extract features - like ""does the body contain the word deposit"" - and get the feature vectors. The last column of each vector is the target: spam or not."		
active	PASS	KEEP	01-intro	04-crisp-dm.md	61	images/04-crisp-dm-05-features-target-imagegen-pilot.png	From emails to feature vectors with the target column	conceptual imagegen	1635x962	PASS	none	PASS	"From this table we extract features - like ""does the body contain the word deposit"" - and get the feature vectors. The last column of each vector is the target: spam or not."	This is exactly the format we talked about in the previous lesson: the feature matrix X and the target y.		
active	PASS	KEEP	01-intro	04-crisp-dm.md	91	images/04-crisp-dm-06-summary-imagegen-pilot.png	The six steps of CRISP-DM summarized	conceptual imagegen	1536x1024	PASS	none	PASS	We don't deploy and forget. We always iterate: we start simple, learn from the feedback, and improve.	It is a very good idea to always start simple. Do something very simple on the first iteration, quickly move through all the steps, evaluate, deploy - and learn from the process. You see that even a simple model is useful. Then go back to business understanding and make the model a bit more complex. Two or three fast iterations like this don't waste a lot of time, and you can quickly show that what you're working on is useful.		
active	PASS	KEEP	01-intro	05-model-selection.md	20	images/05-model-selection-01-train-validation-imagegen-pilot.png	Train data is used to fit g; the validation set is used to check it	conceptual imagegen	1536x1024	PASS	none	PASS	Of course, we cannot go into the future and take the August data. But we can do something close enough: take our dataset, put aside a small part of it - say 20% - and pretend this part doesn't exist. We train on the remaining 80% only. The held-out part plays the role of the August data; we call it the validation set.	From the training set we extract the feature matrix X and the target y, and we train the model g using only these. From the validation set we extract another matrix, Xv, and its target yv - the model has never seen them during training.		
active	PASS	KEEP	01-intro	05-model-selection.md	43	images/05-model-selection-02-multiple-comparisons-imagegen-pilot.png	Five coins evaluated on the same validation set	conceptual imagegen	1536x1024	PASS	none	PASS	We test several coins on the same validation set. A euro gets 20% correct. An American dollar gets 40%. A Polish zloty - 20%. A ruble - 20%. And then a Ukrainian hryvnia produces exactly the right sequence for all five emails and gets 100% correct.	Looking at the numbers, the hryvnia is the best model for spam detection. But we all know this is random: the coin just got lucky and produced the same sequence as in the validation data.		
active	PASS	KEEP	01-intro	05-model-selection.md	55	images/05-model-selection-03-train-valid-test-imagegen-pilot.png	The 60/20/20 split into train, validation and test	conceptual imagegen	1619x971	PASS	none	PASS	To guard against this, instead of holding out one dataset we hold out two:	- 20% for validation		
active	PASS	KEEP	01-intro	05-model-selection.md	67	images/05-model-selection-04-select-and-test-imagegen-pilot.png	The best model is checked once more on the test set	conceptual imagegen	1693x929	PASS	none	PASS	Then, to make sure this model didn't just get lucky on the validation set, we apply it to the test set - one extra round of validation. If the validation accuracy was 80% and the test accuracy is 79%, the numbers are close, and we conclude that the model indeed behaves well.	This is the model selection process, and being able to set it up is one of the most important skills in machine learning. As a recipe:		
active	PASS	KEEP	01-intro	06-environment.md	23	images/06-environment-01-create-repo-crisp.png	Creating a new repository on GitHub	original screenshot	1000x628	PASS	none	PASS	First, create a new repository on GitHub - for example, a repository where you will put your homework. Add a README file, make it public, and choose Python as the .gitignore template.	"Then open the Code dropdown, switch to the Codespaces tab, and click ""Create codespace on main"". GitHub creates a Visual Studio Code instance for you in the browser."		
active	PASS	KEEP	01-intro	06-environment.md	27	images/06-environment-02-create-codespace-crisp.png	Creating a codespace on the main branch	original screenshot	1040x644	PASS	none	PASS	"Then open the Code dropdown, switch to the Codespaces tab, and click ""Create codespace on main"". GitHub creates a Visual Studio Code instance for you in the browser."	"If you don't like using the browser - it should just work there - you can open the same environment in Visual Studio Code desktop: click the button in the corner and choose ""Open in VS Code"". The first time you launch VS Code desktop it will prompt you to install an extension for Codespaces; if it doesn't, go to the extensions view and search for ""GitHub Codespaces"" - you need that extension to connect to the remote instance."		
active	PASS	KEEP	01-intro	06-environment.md	33	images/06-environment-03-vscode-desktop-crisp.png	The codespace opened in VS Code desktop with a terminal	original screenshot	1040x720	PASS	none	PASS	Everything feels like developing locally. You can edit files, and you can open a terminal with Ctrl+` (or via the View menu). This is the usual file system of a remote Ubuntu machine - `git status`, `git commit` and `git push` all work, and pushing sends your changes back to GitHub.	One trick from the video: the default prompt is quite long, so there is little space left for the command you type. You can shorten it:		
active	PASS	KEEP	01-intro	06-environment.md	49	images/06-environment-04-push-pip-install-crisp.png	Pushing to GitHub and installing the libraries with pip	original screenshot	1280x520	PASS	none	PASS	Seaborn is a library for visualization. Later in the course you will also need XGBoost and TensorFlow - and this is exactly how you install them too.	Now start Jupyter:		
active	PASS	KEEP	01-intro	06-environment.md	59	images/06-environment-05-jupyter-notebook-crisp.png	The Jupyter notebook running in the browser	original screenshot	1020x540	PASS	none	PASS	It starts remotely on the codespace, but you can use it locally. VS Code automatically detects that something is running on port 8888 and forwards it to your machine - see the Ports panel. Open the forwarded address, and if you are asked to log in, take the token (or the entire URL) from the terminal and paste it into the browser.	That's it - you have a working environment: create a folder like `01-intro`, create a notebook, `import pandas as pd` and you are ready. For the homework you will typically read a CSV file with `pd.read_csv(...)`, finish the notebook, rename it to something like `homework.ipynb`, commit it, push it, and submit the URL of your repository in the homework form.		
active	PASS	KEEP	01-intro	06-environment.md	63	images/06-environment-06-homework-notebook-crisp.png	Working on the homework in a notebook inside the codespace	original screenshot	1020x720	PASS	none	PASS	That's it - you have a working environment: create a folder like `01-intro`, create a notebook, `import pandas as pd` and you are ready. For the homework you will typically read a CSV file with `pd.read_csv(...)`, finish the notebook, rename it to something like `homework.ipynb`, commit it, push it, and submit the URL of your repository in the homework form.	## Ubuntu 22.04 on AWS		
active	PASS	KEEP	01-intro	06-environment.md	152	images/sample-jupyter-notebook-crisp.png	See this example	original screenshot	1120x748	PASS	none	PASS	1. Find the URL of the notebook.	2. To open the notebook in Kaggle, in your web browser launch paste the URL as shown in below example. (*note the additional https://kaggle.com/kernels/welcome?src= before the URL of the notebook*)		
active	PASS	KEEP	01-intro	06-environment.md	160	images/sample-code-crisp.png	See this example	original screenshot	2790x1350	PASS	none	PASS	"3. Check if the notebook uses any datafile to read data from it. If yes, note the datafile name from the code.- *look for pd.read_csv(""somefilename.csv"")*."	4. You need to download the file into Kaggle. For this:		
active	PASS	KEEP	01-intro	06-environment.md	166	images/sample-data-file-crisp.png	See this example	original screenshot	1000x818	PASS	none	PASS	a. Find the URL of the datafile in github.	b. Suppose the URL is https://github.com/alexeygrigorev/mlbookcamp-code/blob/master/chapter-02-car-price/data.csv , you need use the URL to raw file, which will look something like https://raw.githubusercontent.com/alexeygrigorev/mlbookcamp-code/master/chapter-02-car-price/data.csv		
active	PASS	KEEP	01-intro	06-environment.md	172	images/add-code-for-datafile-download-crisp.png	See this example	original screenshot	3600x1320	PASS	none	PASS	5. In the notebook opened in Kaggle, add a Code block with the command to download the file - !wget your-datafile-url	This way you can start with the exercise using Kaggle		
active	PASS	KEEP	01-intro	07-numpy.md	44	images/07-numpy-01-zeros-ones-full-crisp.png	Creating arrays with zeros, ones and full	original screenshot	1000x580	PASS	none	PASS	```	If you have a Python list and want to create an array from it, use the `array` function and pass the list as the argument:		
active	PASS	KEEP	01-intro	07-numpy.md	69	images/07-numpy-02-array-from-list-crisp.png	Creating an array from a list and changing an element by index	original screenshot	1000x480	PASS	none	PASS	```	Two more useful functions for creating arrays. `arange` creates a range of numbers - it works like the Python function `range`, except instead of an iterator it gives us a NumPy array. The last element is exclusive:		
active	PASS	KEEP	01-intro	07-numpy.md	129	images/07-numpy-03-two-d-arrays-crisp.png	Accessing and changing an element of a two-dimensional array	original screenshot	1000x580	PASS	none	PASS	```	If we pass only one index, we get an entire row:		
active	PASS	KEEP	01-intro	07-numpy.md	165	images/07-numpy-04-columns-crisp.png	Reading and assigning a whole column	original screenshot	1000x500	PASS	none	PASS	```	## Randomly generated arrays		
active	PASS	KEEP	01-intro	07-numpy.md	191	images/07-numpy-05-random-seed-crisp.png	Fixing the seed makes random numbers reproducible	original screenshot	1000x440	PASS	none	PASS	Now every time we execute the cell, the results are the same, because we fixed the seed. (The exact numbers can vary a bit depending on the version of NumPy or the operating system, but in general the sequence should be the same.)	Here we multiplied everything by 100: instead of numbers between 0 and 1 we get numbers between 0 and 100. Why we can multiply an array by a number like this is explained below - it's an element-wise operation.		
active	PASS	KEEP	01-intro	07-numpy.md	243	images/07-numpy-06-element-wise-crisp.png	Adding and multiplying all elements of an array at once	original screenshot	1000x400	PASS	none	PASS	```	This is exactly what we did when we multiplied the random array by 100. And of course we can also divide, subtract, and do everything else we want. We can even chain operations:		
active	PASS	KEEP	01-intro	07-numpy.md	273	images/07-numpy-07-comparison-crisp.png	Element-wise comparison returns a boolean array	original screenshot	1000x370	PASS	none	PASS	```	The first element is less than 2, the second is less than 2, but 2 is greater than or equal to 2 - and the same is true for the rest.		
active	PASS	KEEP	01-intro	07-numpy.md	313	images/07-numpy-08-summarizing-crisp.png	Summarizing operations return a single number	original screenshot	1000x460	PASS	none	PASS	```	There is also the standard deviation, if you are interested:		
active	PASS	KEEP	01-intro	08-linear-algebra.md	41	images/08-linear-algebra-01-vector-operations-crisp.png	Multiplying a vector by a scalar and adding two vectors	original screenshot	3360x1170	PASS	none	PASS	```	This is pretty much the same as we saw in the previous lecture in NumPy: element-wise addition, and multiplication by 2 is element-wise multiplication. So what happens in linear algebra here is exactly what NumPy does.		
active	PASS	KEEP	01-intro	08-linear-algebra.md	66	images/08-linear-algebra-02-dot-product-crisp.png	The dot product of u and v, computed element by element	original screenshot	2820x1602	PASS	none	PASS	```	The formula: we have a sum that goes over all elements of our vectors, from 1 to n, where n is the dimension of the vector, and inside we multiply the i-th element of `u` with the i-th element of `v`.		
active	PASS	KEEP	01-intro	08-linear-algebra.md	101	images/08-linear-algebra-03-vector-vector-implementation-crisp.png	The vector-vector multiplication implementation and its test	original screenshot	3360x1278	PASS	none	PASS	It returns 14, like we calculated by hand.	Of course, in NumPy there is already a function that does this - `dot`:		
active	PASS	KEEP	01-intro	08-linear-algebra.md	118	images/08-linear-algebra-04-matrix-vector-idea-crisp.png	Matrix-vector multiplication: each row of U times the vector v	original screenshot	2940x1710	PASS	none	PASS	The way we do it: take the first row of the matrix `U` and multiply it with the vector `v`. This is a row - so this is exactly the situation from the dot product: a row vector times a column vector. Let's call the rows `U[0]`, `U[1]` and so on, using the same notation as in NumPy.	For each row of the matrix we do a vector-vector multiplication with `v`, and these results together are the answer. So if `U` has k rows - `U[0]` to `U[k-1]` - the result is k dot products, one per row. Of course the dimensionality should match: each row of `U` and the vector `v` must have the same number of elements, say n.		
active	PASS	KEEP	01-intro	08-linear-algebra.md	168	images/08-linear-algebra-05-matrix-vector-implementation-crisp.png	The matrix-vector multiplication function and its test	original screenshot	3360x1020	PASS	none	PASS	Same result.	### Matrix-matrix multiplication		
active	PASS	KEEP	01-intro	08-linear-algebra.md	228	images/08-linear-algebra-06-matrix-matrix-crisp.png	The matrix-matrix multiplication function and its test	original screenshot	3360x1230	PASS	none	PASS	Same result - which means our implementation works.	This way we expressed matrix-matrix multiplication using matrix-vector multiplication, and in turn we expressed matrix-vector multiplication with vector-vector multiplication.		
active	PASS	KEEP	01-intro	08-linear-algebra.md	262	images/08-linear-algebra-07-identity-matrix-crisp.png	The identity matrix: multiplying V by I gives V back	original screenshot	3360x1158	PASS	none	PASS	We multiplied `V` by `I` and got `V` back.	## Inverse		
active	PASS	KEEP	01-intro	08-linear-algebra.md	288	images/08-linear-algebra-08-inverse-crisp.png	Computing the inverse with np.linalg.inv	original screenshot	3360x1230	PASS	none	PASS	```	And when we multiply the inverse by the matrix, what we get is the identity matrix:		
active	PASS	KEEP	01-intro	09-pandas.md	64	images/09-pandas-01-create-dataframe-crisp.png	Creating a DataFrame from a list of lists with named columns	original screenshot	3360x1710	PASS	none	PASS	```	Usually I call DataFrames `df`.		
active	PASS	KEEP	01-intro	09-pandas.md	144	images/09-pandas-02-series-and-columns-crisp.png	A column as a Series and a subset of columns	original screenshot	3360x1380	PASS	none	PASS	It returns a DataFrame that has only these three columns.	We can add a new column using the same brackets notation - for example, a column `id` with numbers:		
active	PASS	KEEP	01-intro	09-pandas.md	219	images/09-pandas-03-iloc-crisp.png	Selecting rows by position with iloc	original screenshot	3360x1470	PASS	none	PASS	```	The index of the DataFrame is still the letter index, but we use the positional index to refer to the records.		
active	PASS	KEEP	01-intro	09-pandas.md	288	images/09-pandas-04-filtering-crisp.png	Filtering rows with a boolean condition on a column	original screenshot	3360x1230	PASS	none	PASS	```	We can combine conditions. Let's get cars that are manufactured by Nissan and produced after 2015. We combine the two conditions using the logical and operation, `&`:		
active	PASS	KEEP	01-intro	09-pandas.md	346	images/09-pandas-05-string-operations-crisp.png	The Vehicle_Style column after lowercasing and replacing spaces	original screenshot	3360x1350	PASS	none	PASS	Here we use the assignment operator to overwrite the column with this clean version, and now the values in the DataFrame are uniform.	## Summarizing operations		
active	PASS	KEEP	01-intro	09-pandas.md	391	images/09-pandas-06-describe-crisp.png	Summary statistics for all numerical columns with describe	original screenshot	3360x1440	PASS	none	PASS	```	I also often use `round` here to round everything to two decimal points - it makes the output more compact.		
active	PASS	KEEP	01-intro	09-pandas.md	436	images/09-pandas-07-missing-values-crisp.png	Counting missing values per column	original screenshot	3360x1230	PASS	none	PASS	```	Seeing a table of Trues and Falses is not always super useful, so what we usually do is call the `sum` method on it. The sum is applied to each column, and it tells us how many missing values there are in each column. Here: one missing value in Engine HP, and none anywhere else.		
active	PASS	KEEP	01-intro	09-pandas.md	466	images/09-pandas-08-groupby-crisp.png	Maximum price per transmission type with groupby	original screenshot	3360x630	PASS	none	PASS	```	We could use `mean`, `min` or `max` - any of the summarizing operations.		
active	PASS	KEEP	01-intro	10-summary.md	17	images/10-summary-01-features-target-model-imagegen-pilot.png	Features and the target go into a machine learning algorithm, which produces a model	conceptual imagegen	1706x922	PASS	none	PASS	These things go to a machine learning algorithm, and the output is a model. The model is something we can use later to predict the prices of cars for which we don't know the price: if there is a car for which we don't know the price, we put its features into the model, and the model tells us that the price for this car is, say, $23,000.	## ML vs Rule-Based Systems		
active	PASS	KEEP	01-intro	10-summary.md	23	images/10-summary-02-rule-based-spam-rules-imagegen-pilot.png	Hand-coded spam-filtering rules that get messy over time	conceptual imagegen	1716x917	PASS	none	PASS	In the second lesson we compared rule-based systems with machine learning. In a rule-based system, humans come up with rules and then convert these rules into a programming language like Python. Using the spam prediction example: we would manually analyze the data, try to extract patterns from it and code them as rules. Over time this becomes quite messy.	With machine learning we don't have this problem, because we don't need to encode the rules manually. The models extract patterns themselves: they just look at the training data - our features - and use statistics and mathematics to figure out what patterns are present in these features, and what we can use to make a decision whether something is spam or not.		
active	PASS	KEEP	01-intro	10-summary.md	27	images/10-summary-03-ml-training-data-imagegen-pilot.png	Training data: the features matrix and the target	conceptual imagegen	1713x918	PASS	none	PASS	With machine learning we don't have this problem, because we don't need to encode the rules manually. The models extract patterns themselves: they just look at the training data - our features - and use statistics and mathematics to figure out what patterns are present in these features, and what we can use to make a decision whether something is spam or not.	## Supervised Machine Learning		
active	PASS	KEEP	01-intro	10-summary.md	35	images/10-summary-04-supervised-g-x-y-imagegen-pilot.png	In supervised learning, g(X) approximates the target y	conceptual imagegen	1672x941	PASS	none	PASS	Our model, g, extracts patterns from data. Then, for data for which we don't know the answer - this is our feature matrix, capital X - we apply the model and get something that is as close as possible to the target.	## CRISP-DM and the bigger picture		
active	PASS	KEEP	01-intro	10-summary.md	41	images/10-summary-05-crisp-dm-bigger-picture-imagegen-pilot.png	The CRISP-DM diagram: modeling is only one step of the whole process	conceptual imagegen	1254x1254	PASS	none	PASS	We also talked about the bigger picture: this g from X to y is only a part of the entire process. In addition to modeling there are many other steps: business understanding, where we need to understand the problem; understanding the data sources; preparing the data - because X needs to be prepared in the right form so we can actually put it into a model; and, of course, the deployment step - without it even the best model is not useful. Machine learning is just a part of the entire process.	## Model Selection		
active	PASS	KEEP	01-intro	10-summary.md	47	images/10-summary-06-model-selection-split-imagegen-pilot.png	Model selection: splitting the dataset into train, validation and test parts	conceptual imagegen	1672x941	PASS	none	PASS	Then we talked in more detail about the modeling step and the process of selecting the best model. We take the entire dataset and split it into three parts. We use one part - the validation dataset - for finding the best model, and another part - the test dataset - to make sure we don't accidentally pick a model that got good results just by chance.	## Setting up the Environment		
active	PASS	KEEP	02-regression	01-car-price-intro.md	17	images/01-car-price-intro-01-select-best-price-crisp.png	How can we help our user select the best price	original screenshot	1008x672	PASS	none	PASS	the user describes the car, and our model suggests the best price.	## The dataset		
active	PASS	KEEP	02-regression	01-car-price-intro.md	26	images/01-car-price-intro-02-kaggle-dataset-crisp.png	Car Features and MSRP dataset on Kaggle	original screenshot	1078x492	PASS	none	PASS	properties.	The data explorer on Kaggle shows what is inside. Every row is one car, and		
active	PASS	KEEP	02-regression	01-car-price-intro.md	31	images/01-car-price-intro-03-kaggle-data-explorer-crisp.png	Kaggle data explorer showing the car dataset columns	original screenshot	1152x566	PASS	none	PASS	every column is one characteristic of that car.	One column is especially interesting for us: MSRP. It stands for		
active	PASS	KEEP	02-regression	01-car-price-intro.md	39	images/01-car-price-intro-04-msrp-column-crisp.png	The MSRP column contains the price of each car	original screenshot	1152x566	PASS	none	PASS	this price.	## The project plan		
active	PASS	KEEP	02-regression	01-car-price-intro.md	59	images/01-car-price-intro-05-project-plan-crisp.png	Project plan slide	original screenshot	970x634	PASS	none	PASS	- Finally, use the model.	## Where the code lives		
active	PASS	KEEP	02-regression	01-car-price-intro.md	68	images/01-car-price-intro-06-github-repo-crisp.png	The mlbookcamp-code repository with chapter-02-car-price	original screenshot	1060x566	PASS	none	PASS	chapter-02-car-price folder.	The folder has two files. The first one is the notebook with all the code —	source-faithful repository listing retained	
active	PASS	KEEP	02-regression	01-car-price-intro.md	76	images/01-car-price-intro-07-chapter-files-crisp.png	The notebook and the data file in chapter-02-car-price	original screenshot	1092x136	PASS	none	PASS	[notebook.ipynb](notebook.ipynb).	Next, we take the CSV file and do a bit of data preparation — that is the		
active	PASS	KEEP	02-regression	02-data-preparation.md	28	images/02-data-preparation-01-download-data-crisp.png	Downloading data.csv with wget	original screenshot	1154x612	PASS	none	PASS	data.csv locally.	## Loading the data		
active	PASS	KEEP	02-regression	02-data-preparation.md	48	images/02-data-preparation-02-read-csv-crisp.png	read_csv and df.head() show the first five rows	original screenshot	1154x580	PASS	none	PASS	```	We see the manufacturer of the car, the model, the year and a lot of other		
active	PASS	KEEP	02-regression	02-data-preparation.md	102	images/02-data-preparation-03-lowercase-columns-crisp.png	Lowercasing column names and replacing spaces	original screenshot	1154x290	PASS	none	PASS	Now the column names are uniform: all lowercase, no spaces. Cleaner.	## Finding the string columns		
active	PASS	KEEP	02-regression	02-data-preparation.md	117	images/02-data-preparation-04-dtypes-crisp.png	df.dtypes shows the type of every column	original screenshot	1154x560	PASS	none	PASS	```	The type we are interested in is object — in pandas, that is how strings are		
active	PASS	KEEP	02-regression	02-data-preparation.md	151	images/02-data-preparation-05-string-columns-crisp.png	Selecting the columns of type object	original screenshot	1154x380	PASS	none	PASS	```	![The list of column names that contain strings](images/02-data-preparation-06-strings-list-crisp.png)		
active	PASS	KEEP	02-regression	02-data-preparation.md	153	images/02-data-preparation-06-strings-list-crisp.png	The list of column names that contain strings	original screenshot	1154x460	PASS	none	PASS	![Selecting the columns of type object](images/02-data-preparation-05-string-columns-crisp.png)	## Normalizing the string values		
active	PASS	KEEP	02-regression	02-data-preparation.md	173	images/02-data-preparation-07-normalize-values-crisp.png	The normalized string values	original screenshot	1154x392	PASS	none	PASS	```	The dataset is prepared, and in the next lesson we take a closer look at it		
active	PASS	KEEP	02-regression	03-eda.md	56	images/03-eda-01-explore-columns-crisp.png	The loop that prints unique values and their counts for every column	original screenshot	1154x612	PASS	none	PASS	```	Walking through the output: make is the manufacturer of a car — BMW, Audi,		
active	PASS	KEEP	02-regression	03-eda.md	90	images/03-eda-02-import-plotting-libraries-crisp.png	Importing matplotlib and seaborn	original screenshot	1154x272	PASS	none	PASS	```	We want to see the distribution of prices — how many cars cost what. A		
active	PASS	KEEP	02-regression	03-eda.md	101	images/03-eda-03-long-tail-distribution-crisp.png	The histogram of prices has a long tail	original screenshot	1154x510	PASS	none	PASS	```	The 1e6 on the x axis is scientific notation: 10 to the power of 6, that is,		
active	PASS	KEEP	02-regression	03-eda.md	122	images/03-eda-04-zoom-below-100k-crisp.png	Zooming in on prices below 100,000	original screenshot	1154x430	PASS	none	PASS	```	This is the left part of the previous histogram, and it is much easier to		
active	PASS	KEEP	02-regression	03-eda.md	148	images/03-eda-05-log-zero-problem-crisp.png	log(0) fails with a divide-by-zero warning	original screenshot	1154x232	PASS	none	PASS	infinity and prints a warning:	In our case prices are always 1,000 or more, so this can't happen. Still,		
active	PASS	KEEP	02-regression	03-eda.md	176	images/03-eda-06-log1p-normal-distribution-crisp.png	After the log transformation the tail is gone	original screenshot	1154x520	PASS	none	PASS	```	The tail is gone. All the large prices collapsed into a small area on the		
active	PASS	KEEP	02-regression	03-eda.md	226	images/03-eda-07-missing-values-crisp.png	Counting missing values per column	original screenshot	1154x560	PASS	none	PASS	```	For quite a few cars we don't know the fuel type, the market category, the		
active	PASS	KEEP	02-regression	04-validation-framework.md	25	images/04-validation-framework-01-train-val-test-split-crisp.png	The dataset split into train, validation and test, each with its own X and y	original screenshot	1610x977	PASS	none	PASS	variable y:	This is what we implement now with pandas.		
active	PASS	KEEP	02-regression	04-validation-framework.md	59	images/04-validation-framework-02-split-sizes-crisp.png	Calculating the sizes of the three parts	original screenshot	1154x418	PASS	none	PASS	```	## Taking a part of the dataframe with iloc		
active	PASS	KEEP	02-regression	04-validation-framework.md	89	images/04-validation-framework-03-sequential-split-crisp.png	A sequential split puts all the BMWs and Porsches into validation	original screenshot	1154x612	PASS	none	PASS	all:	We see that there is some order in this dataset, and we need to break it. In		
active	PASS	KEEP	02-regression	04-validation-framework.md	102	images/04-validation-framework-04-shuffle-numbers-crisp.png	Take numbers 0 to n-1 and shuffle them, then use them as row indices	original screenshot	1010x506	PASS	none	PASS	validation, the next 20% for test, and the rest for train:	To generate the sequence of numbers we use `np.arange` from NumPy, and to		
active	PASS	KEEP	02-regression	04-validation-framework.md	124	images/04-validation-framework-05-split-with-shuffled-idx-crisp.png	Splitting the dataframe using the shuffled indices	original screenshot	1154x460	PASS	none	PASS	validation, and everything that is left for test:	There is one more problem with this code: when you run it on your computer, you		
active	PASS	KEEP	02-regression	04-validation-framework.md	168	images/04-validation-framework-06-reset-index-crisp.png	Resetting the index after the shuffle	original screenshot	1154x596	PASS	none	PASS	Now the index goes from 0 to 7149 again.	## Preparing y and removing msrp		
active	PASS	KEEP	02-regression	04-validation-framework.md	200	images/04-validation-framework-07-y-target-and-delete-msrp-crisp.png	Creating y with log1p and deleting msrp from the dataframes	original screenshot	1154x362	PASS	none	PASS	completely.	That is the whole validation framework. We implemented it manually, without any		
active	PASS	KEEP	02-regression	05-linear-regression-simple.md	34	images/05-linear-regression-simple-01-one-car-one-price-imagegen-pilot.png	g(xi) is approximately yi: a car and its price	conceptual imagegen	1474x1067	PASS	none	PASS	its price:	A car can be a row in our feature matrix, so we can think of it as a vector		
active	PASS	KEEP	02-regression	05-linear-regression-simple.md	51	images/05-linear-regression-simple-02-car-10-features-crisp.png	The features of car number 10: 453 horsepower, 11 miles per gallon in the city, popularity 86	original screenshot	2910x1410	PASS	none	PASS	gallon and popularity:	So for this car the feature vector is:		
active	PASS	KEEP	02-regression	05-linear-regression-simple.md	76	images/05-linear-regression-simple-03-regression-formula-crisp.png	The linear regression formula written for our three features	original screenshot	3192x2040	PASS	none	PASS	miles per gallon gets w<sub>2</sub>, popularity gets w<sub>3</sub>.	The part with the features is a sum, so we can write the formula more		
active	PASS	KEEP	02-regression	05-linear-regression-simple.md	84	images/05-linear-regression-simple-04-sum-notation-crisp.png	The same formula written with a sum	original screenshot	2700x1020	PASS	none	PASS	$$g(x_i) = w_0 + \sum_{j=1}^{n} w_j \cdot x_{ij}$$	## Implementing it in Python		
active	PASS	KEEP	02-regression	05-linear-regression-simple.md	118	images/05-linear-regression-simple-05-implementation-crisp.png	The linear_regression function in the notebook	original screenshot	3192x1320	PASS	none	PASS	vector.	## What the prediction is made of		
active	PASS	KEEP	02-regression	05-linear-regression-simple.md	134	images/05-linear-regression-simple-06-weights-interpretation-crisp.png	The prediction as a sum: 7.17 + 453·0.01 + 11·0.04 + 86·0.002	original screenshot	3192x780	PASS	none	PASS	To make sense of this number, let's look at the parts it is made of:	- We start with the bias term, 7.17. This is what we predict for an average		
active	PASS	KEEP	02-regression	05-linear-regression-simple.md	176	images/05-linear-regression-simple-07-prediction-undo-log-crisp.png	Applying the model to our car and undoing the log transformation	original screenshot	2880x1200	PASS	none	PASS	```	That's linear regression for one car: we implemented the formula on a small		
active	PASS	KEEP	02-regression	06-linear-regression-vector.md	18	images/06-linear-regression-vector-01-g-x-approx-y-crisp.png	g(X) is approximately y: the model, the feature matrix and the target	original screenshot	2490x2040	PASS	none	PASS	matrix (the training data) and y is the target, the price:	Let's again write the formula for a single car first. We have the bias term and		
active	PASS	KEEP	02-regression	06-linear-regression-vector.md	34	images/06-linear-regression-vector-02-dot-product-notation-crisp.png	The sum is a dot product: g(xi) = w0 + xiT w	original screenshot	2700x1800	PASS	none	PASS	$$g(x_i) = w_0 + x_i^T w$$	This notation is more compact, so let's implement it. We already have the		
active	PASS	KEEP	02-regression	06-linear-regression-vector.md	62	images/06-linear-regression-vector-03-dot-function-crisp.png	The dot function and the simplified linear_regression	original screenshot	2880x1020	PASS	none	PASS	```	## The fictional feature		
active	PASS	KEEP	02-regression	06-linear-regression-vector.md	76	images/06-linear-regression-vector-04-fake-feature-crisp.png	Adding the fictional feature: w and xi both grow by one element	original screenshot	2700x1800	PASS	none	PASS	x<sub>i0</sub> is 1:	Why does this work? When we do the dot product, w0 gets multiplied by 1, so it		
active	PASS	KEEP	02-regression	06-linear-regression-vector.md	115	images/06-linear-regression-vector-05-prepend-one-crisp.png	Prepending 1 to xi and w0 to w gives the same prediction	original screenshot	2880x1050	PASS	none	PASS	And it is - the same 12.312 we got in the previous lesson.	## Linear regression for all cars		
active	PASS	KEEP	02-regression	06-linear-regression-vector.md	124	images/06-linear-regression-vector-06-matrix-vector-multiplication-crisp.png	The feature matrix X: every row starts with 1	original screenshot	2820x1800	PASS	none	PASS	car two, and so on until row m.	For us X has m rows and n+1 columns. What we need to do is take each row of		
active	PASS	KEEP	02-regression	06-linear-regression-vector.md	183	images/06-linear-regression-vector-07-x-dot-w-new-crisp.png	Building the matrix X and computing all predictions with one multiplication	original screenshot	2880x1218	PASS	none	PASS	For each of the three cars we get a prediction - the price for that car:	So this is linear regression. To summarize how we got here: we started with a		
active	PASS	KEEP	02-regression	07-linear-regression-training.md	37	images/07-linear-regression-training-01-inverse-solution-crisp.png	Deriving the solution with the inverse of X	original screenshot	2700x1800	PASS	none	PASS	```	"The inverse ""cancels"" `X`, and we get the weights directly."		
active	PASS	KEEP	02-regression	07-linear-regression-training.md	59	images/07-linear-regression-training-02-gram-matrix-crisp.png	The Gram matrix X-transpose-X is square: (n+1) by (n+1)	original screenshot	1440x1220	PASS	none	PASS	The matrix `XᵀX` is called the Gram matrix:	Unlike `X`, the Gram matrix is square - it has `n+1` rows and `n+1`		
active	PASS	KEEP	02-regression	07-linear-regression-training.md	79	images/07-linear-regression-training-03-normal-equation-crisp.png	The normal equation: w = (XᵀX)⁻¹Xᵀy	original screenshot	2790x1680	PASS	none	PASS	This is the normal equation:	This `w` is not the solution to the original system - that solution		
active	PASS	KEEP	02-regression	07-linear-regression-training.md	113	images/07-linear-regression-training-04-gram-matrix-code-crisp.png	Computing the Gram matrix on the toy feature matrix	original screenshot	3300x930	PASS	none	PASS	```	Then its inverse:		
active	PASS	KEEP	02-regression	07-linear-regression-training.md	134	images/07-linear-regression-training-05-inverse-check-crisp.png	Checking that the Gram matrix times its inverse gives the identity matrix	original screenshot	3300x930	PASS	none	PASS	```	We see ones on the diagonal and values that are extremely close to zero		
active	PASS	KEEP	02-regression	07-linear-regression-training.md	171	images/07-linear-regression-training-06-ones-column-stack-crisp.png	Adding the column of ones with np.column_stack	original screenshot	2880x756	PASS	none	PASS	column of `X`.	The result `w_full` contains all the weights: the first element is the		
active	PASS	KEEP	02-regression	07-linear-regression-training.md	187	images/07-linear-regression-training-07-train-function-crisp.png	Splitting w_full into the bias term and the feature weights	original screenshot	3300x540	PASS	none	PASS	perfect sense: the older the car, the lower the price.	Finally, let's wrap everything into a function. The function takes `X`		
active	PASS	KEEP	02-regression	08-baseline-model.md	24	images/08-baseline-model-01-numerical-columns-crisp.png	Looking at the columns of the training dataframe	original screenshot	2880x1230	PASS	none	PASS	```	Linear regression as we implemented it works only with numbers, so for		
active	PASS	KEEP	02-regression	08-baseline-model.md	42	images/08-baseline-model-02-base-features-crisp.png	Creating the list of base features	original screenshot	2880x252	PASS	none	PASS	```	To get a subset of columns from a dataframe, we select the columns with		
active	PASS	KEEP	02-regression	08-baseline-model.md	62	images/08-baseline-model-03-nan-weights-crisp.png	Training fails: the weights come back as nan	original screenshot	2880x330	PASS	none	PASS	"are `nan` - ""not a number""."	Something is wrong with the data. Let's check for missing values:		
active	PASS	KEEP	02-regression	08-baseline-model.md	77	images/08-baseline-model-04-fillna-zero-crisp.png	Filling missing values with zeros	original screenshot	3120x960	PASS	none	PASS	```	Filling with zeros might look strange - a car with zero horsepower		
active	PASS	KEEP	02-regression	08-baseline-model.md	90	images/08-baseline-model-05-missing-feature-ignored-crisp.png	Setting a missing feature to zero simply removes its term	original screenshot	2700x1800	PASS	none	PASS	```	When `xi1` is zero, its term `xi1 · w1` disappears, so the model		
active	PASS	KEEP	02-regression	08-baseline-model.md	134	images/08-baseline-model-06-prediction-histogram-crisp.png	Comparing the distributions of predictions (red) and actual prices (blue)	original screenshot	2880x1860	PASS	none	PASS	histograms are visible in the same plot.	Looking at the chart, the distribution of predictions does not really		
active	PASS	KEEP	02-regression	09-rmse.md	27	images/09-rmse-01-rmse-formula-crisp.png	Writing the RMSE formula	original screenshot	3390x1728	PASS	none	PASS	```	Let's unpack each part with a small example.		
active	PASS	KEEP	02-regression	09-rmse.md	41	images/09-rmse-02-predictions-vs-actual-prices-crisp.png	Predictions and actual values as two arrays	original screenshot	2892x2058	PASS	none	PASS	```	The first step is to take the difference between each prediction and		
active	PASS	KEEP	02-regression	09-rmse.md	53	images/09-rmse-03-differences-crisp.png	Taking the differences between predictions and actual values	original screenshot	3150x2058	PASS	none	PASS	```	Next, we square each difference:		
active	PASS	KEEP	02-regression	09-rmse.md	74	images/09-rmse-04-squared-errors-mean-crisp.png	Squaring the differences and taking the mean	original screenshot	3150x1740	PASS	none	PASS	```	This is the mean squared error, MSE. For our example, the mean squared		
active	PASS	KEEP	02-regression	09-rmse.md	129	images/09-rmse-06-rmse-implementation-crisp.png	Implementing rmse and evaluating the baseline model	original screenshot	3390x1728	PASS	none	PASS	```	The RMSE of the baseline model is about 0.76. This single number is		
active	PASS	KEEP	02-regression	10-car-price-validation.md	22	images/10-car-price-validation-01-split-diagram-crisp.png	Train, validation and test sets: the model g is trained on train and applied to validation	original screenshot	1520x1040	PASS	none	PASS	part to see how it performs on data it has never seen.	Two lessons ago we built our first baseline model using five numerical features		
active	PASS	KEEP	02-regression	10-car-price-validation.md	62	images/10-car-price-validation-02-prepare-x-function-crisp.png	The prepare_X function in the notebook	original screenshot	3198x540	PASS	none	PASS	on any dataframe - that is why the argument is just `df` and not `df_train`.	## Computing the RMSE on validation data		
active	PASS	KEEP	02-regression	10-car-price-validation.md	86	images/10-car-price-validation-03-train-and-validate-crisp.png	Training the model and computing the RMSE on the validation set	original screenshot	3198x1242	PASS	none	PASS	```	The number is pretty similar to what we had on the training data. That is what		
active	PASS	KEEP	02-regression	10-car-price-validation.md	94	images/10-car-price-validation-04-train-vs-validation-parts-crisp.png	The training part and the validation part of the code	original screenshot	3198x1242	PASS	none	PASS	Looking at the code, we can see the two parts clearly:	- The training part only touches the training dataset: we prepare the matrix and		
active	PASS	KEEP	02-regression	11-feature-engineering.md	13	images/11-feature-engineering-01-feature-engineering-imagegen.png	Feature engineering turns a year column into an age feature before modeling	conceptual imagegen	1672x941	PASS	none	PASS	and see it improve the RMSE of our model quite a bit.	*Figure: Subtracting each car's year from 2017 creates the `age` feature that enters the model input matrix.*		
active	PASS	KEEP	02-regression	12-categorical-variables.md	21	images/12-categorical-variables-01-object-columns-crisp.png	The columns with the object type are the categorical variables	original screenshot	3198x1608	PASS	none	PASS	type `object` are categorical variables.	There is one variable that looks numerical but is not: `number_of_doors`. It		
active	PASS	KEEP	02-regression	12-categorical-variables.md	41	images/12-categorical-variables-02-encoding-diagram.jpg	One categorical column with values 2, 3, 4, 2 represented as three binary columns	conceptual imagegen	1492x1054	PASS	none	PASS	column that matches the row, and 0 everywhere else:	One categorical column becomes multiple binary columns, and each row gets	conceptual diagram matches lesson values 2, 3, 4, 2 and one-hot columns	
active	PASS	KEEP	02-regression	12-categorical-variables.md	92	images/12-categorical-variables-03-doors-loop-crisp.png	The prepare_X function with the number-of-doors columns added	original screenshot	3198x840	PASS	none	PASS	three new features: `num_doors_2`, `num_doors_3` and `num_doors_4`.	We validate the model with the same code as before:		
active	PASS	KEEP	02-regression	12-categorical-variables.md	114	images/12-categorical-variables-04-doors-rmse-crisp.png	The RMSE after adding the door features: 0.5158, almost no improvement	original screenshot	3198x930	PASS	none	PASS	doors feature is not that useful.	## Adding the make		
active	PASS	KEEP	02-regression	12-categorical-variables.md	126	images/12-categorical-variables-05-top-makes-crisp.png	The five most popular car makes: chevrolet, ford, volkswagen, toyota, dodge	original screenshot	3198x690	PASS	none	PASS	```	The output shows the counts, and the names themselves are in the index, so we		
active	PASS	KEEP	02-regression	12-categorical-variables.md	170	images/12-categorical-variables-06-categories-dict-crisp.png	The categories dictionary with the most popular values of each categorical variable	original screenshot	3198x810	PASS	none	PASS	```	Then we take `prepare_X` and throw in all the categories. We need two loops: one		
active	PASS	KEEP	02-regression	12-categorical-variables.md	183	images/12-categorical-variables-07-prepare-x-all-categories-crisp.png	The prepare_X function with loops over all categorical variables	original screenshot	3198x810	PASS	none	PASS	```	## Something went wrong		
active	PASS	KEEP	02-regression	12-categorical-variables.md	200	images/12-categorical-variables-08-broken-weights-crisp.png	The RMSE of 41.45 and the huge weights of the model	original screenshot	3198x1560	PASS	none	PASS	variables, but we just made it worse.	In the [next unit](13-regularization.md) we will see why that happened and how		
active	PASS	KEEP	02-regression	13-regularization.md	18	images/13-regularization-01-normal-equation-crisp.png	The normal equation: w is the inverse of the Gram matrix times X transpose times y	original screenshot	920x680	PASS	none	PASS	Remember the formula for the normal equation we use for training our model:	```		
active	PASS	KEEP	02-regression	13-regularization.md	45	images/13-regularization-02-duplicate-columns-crisp.png	The feature matrix with duplicate columns and its Gram matrix	original screenshot	2880x1800	PASS	none	PASS	second and the third are the same:	When something like that happens, the inverse simply doesn't exist. In linear		
active	PASS	KEEP	02-regression	13-regularization.md	76	images/13-regularization-03-noisy-gram-matrix-crisp.png	The noisy Gram matrix and its inverse full of huge numbers	original screenshot	2880x1800	PASS	none	PASS	numbers in the inverse are huge, around 10 to the power of 14.	When we use this inverse to compute the weights, the weights for the duplicated		
active	PASS	KEEP	02-regression	13-regularization.md	83	images/13-regularization-04-huge-weights-crisp.png	The weights for the duplicated features are millions apart	original screenshot	2880x1800	PASS	none	PASS	like 3.4 million and -3.4 million.	So whenever we have duplicates - or near-duplicates - in our feature matrix, we		
active	PASS	KEEP	02-regression	13-regularization.md	104	images/13-regularization-05-singular-matrix-crisp.png	NumPy raising LinAlgError: Singular matrix for a matrix with duplicate columns	original screenshot	2880x1890	PASS	none	PASS	and it cannot compute the inverse:	Now let's do the same trick as before and add a tiny bit of noise:		
active	PASS	KEEP	02-regression	13-regularization.md	137	images/13-regularization-06-eye-diagonal-crisp.png	Adding the identity matrix puts ones on the diagonal	original screenshot	2880x1800	PASS	none	PASS	```	To add only a small number, we multiply the identity matrix by that number first:		
active	PASS	KEEP	02-regression	13-regularization.md	175	images/13-regularization-07-regularized-training-crisp.png	The train_linear_regression_reg function with the regularization parameter r	original screenshot	2880x1800	PASS	none	PASS	add `r` to the main diagonal.	Let's take the code from the previous unit and replace the training function		
active	PASS	KEEP	02-regression	13-regularization.md	197	images/13-regularization-08-rmse-result-crisp.png	The RMSE with regularization: 0.46, better than everything before	original screenshot	2880x1800	PASS	none	PASS	```	By adding a number to the diagonal we were able to control our weights and		
active	PASS	KEEP	02-regression	14-tuning-model.md	35	images/14-tuning-model-01-r-values-loop-crisp.png	The loop over r values and the RMSE printed for each of them	original screenshot	2880x1800	PASS	none	PASS	parameter itself, the bias term, and the score:	## Reading the results		
active	PASS	KEEP	02-regression	14-tuning-model.md	39	images/14-tuning-model-02-rmse-per-r-crisp.png	The RMSE for each value of r: 266 for zero regularization, about 0.46 for the rest	original screenshot	2880x1800	PASS	none	PASS	## Reading the results	What we see: for zero regularization the bias term is huge and the RMSE is huge		
active	PASS	KEEP	02-regression	14-tuning-model.md	53	images/14-tuning-model-03-choosing-r-crisp.png	Choosing r equals 0.001	original screenshot	2880x1800	PASS	none	PASS	with 0.001.	## Training the final model		
active	PASS	KEEP	02-regression	14-tuning-model.md	70	images/14-tuning-model-04-final-model-crisp.png	Training the model with the selected r of 0.001	original screenshot	2880x1800	PASS	none	PASS	```	We selected the best regularization parameter, trained the model with it, and we		
active	PASS	KEEP	02-regression	15-using-model.md	36	images/15-using-model-01-full-train-concat-crisp.png	"Section 2.15 ""Using the model"": the pd.concat cell combining df_train and df_val into df_full_train"	original screenshot	3240x870	PASS	none	PASS	```	If we look at the result, we see that even though there are around 9500 rows		
active	PASS	KEEP	02-regression	15-using-model.md	53	images/15-using-model-02-full-train-prepare-x-crisp.png	The three cells together: concat, reset_index, and prepare_X for the full train dataset	original screenshot	2880x1800	PASS	none	PASS	```	We also need the target values `y`. There is a function in NumPy called		
active	PASS	KEEP	02-regression	15-using-model.md	73	images/15-using-model-03-final-model-weights-crisp.png	Training the final model on X_full_train and y_full_train with r=0.001, and the weights it produces	original screenshot	3300x1740	PASS	none	PASS	This is our final model, and these are its weights.	## Checking the model on test data		
active	PASS	KEEP	02-regression	15-using-model.md	94	images/15-using-model-04-test-rmse-crisp.png	Checking the final model on the test set: RMSE 0.4600753970266562	original screenshot	3300x1740	PASS	none	PASS	```	That is a very good sign. It means our model generalizes well: it didn't get		
active	PASS	KEEP	02-regression	15-using-model.md	134	images/15-using-model-06-car-dictionary-crisp.png	The car dictionary: a Toyota Sienna extracted from the test set	original screenshot	3300x1740	PASS	none	PASS	```	Usually we don't get a dataframe when we want to make a prediction. In a real		
active	PASS	KEEP	02-regression	15-using-model.md	142	images/15-using-model-05-website-request-diagram-imagegen.png	The real-life scenario: a website form with the car details sends a dictionary to the model	conceptual imagegen	1521x1034	PASS	none	PASS	a dictionary: this is how such requests usually look.	Our `prepare_X` function expects a dataframe, though. So we create a small		
active	PASS	KEEP	02-regression	15-using-model.md	167	images/15-using-model-07-single-car-prediction-crisp.png	Creating a one-row dataframe from the car dictionary and predicting: 10.63, the logarithm of the price	original screenshot	3300x1740	PASS	none	PASS	```	There is just one single car, so we take the first number of the array. And		
active	PASS	KEEP	02-regression	15-using-model.md	196	images/15-using-model-08-prediction-vs-actual-crisp.png	The two prices side by side: our prediction is 41,459 dollars, the actual price is 35,000	original screenshot	3300x1740	PASS	none	PASS	```	So our prediction was a bit off - the car costs 35,000 dollars and we predicted		
active	PASS	KEEP	02-regression	16-summary.md	27	images/16-summary-01-data-cleaning-crisp.png	Cleaning the data: lowercasing the column names and the string values with str.replace	original screenshot	3300x1740	PASS	none	PASS	cleaner.	Then we did exploratory data analysis. We identified that the distribution of		
active	PASS	KEEP	02-regression	16-summary.md	53	images/16-summary-03-linear-regression-loop-crisp.png	Linear regression for a single example, implemented as a simple formula with a for loop	original screenshot	3300x1740	PASS	none	PASS	the bias term and the weights.	![Extending it to the vector form with the dot product](images/16-summary-04-vector-form-crisp.png)		
active	PASS	KEEP	02-regression	16-summary.md	55	images/16-summary-04-vector-form-crisp.png	Extending it to the vector form with the dot product	original screenshot	3300x1740	PASS	none	PASS	![Linear regression for a single example, implemented as a simple formula with a for loop](images/16-summary-03-linear-regression-loop-crisp.png)	And then we looked at how to actually obtain these weights - how to train the		
active	PASS	KEEP	02-regression	16-summary.md	63	images/16-summary-05-normal-equation-crisp.png	The normal equation implemented in NumPy: inverting the Gram matrix	original screenshot	3300x1740	PASS	none	PASS	the five base numerical features.	![The baseline model: training with only the five base numerical features](images/16-summary-06-baseline-model-crisp.png)		
active	PASS	KEEP	02-regression	16-summary.md	65	images/16-summary-06-baseline-model-crisp.png	The baseline model: training with only the five base numerical features	original screenshot	3300x1740	PASS	none	PASS	![The normal equation implemented in NumPy: inverting the Gram matrix](images/16-summary-05-normal-equation-crisp.png)	The baseline model didn't do really well, as we saw in the graph. But judging		
active	PASS	KEEP	02-regression	16-summary.md	84	images/16-summary-07-feature-engineering-crisp.png	After adding the age feature: the distribution of predictions (red) matches the actual values (blue)	original screenshot	3300x1740	PASS	none	PASS	distribution of actual values much better than previously.	Then we looked at how to integrate categorical variables. We represented each		
active	PASS	KEEP	02-regression	16-summary.md	91	images/16-summary-08-categorical-variables-crisp.png	Categorical variables: each category becomes a binary column, one-hot encoding	original screenshot	3300x1740	PASS	none	PASS	more details in the next session, when we talk about classification.	After adding all the categorical features we found out that the performance of		
active	PASS	KEEP	02-regression	17-explore-more.md	4	images/17-explore-more-01-feature-experiments-imagegen.png	Two feature sets flow through separate models into a validation comparison board.	conceptual imagegen	1672x941	PASS	none	PASS	# Explore more	*Figure: Test a compact and an expanded feature set by comparing their validation results.*		
active	PASS	KEEP	03-classification	01-churn-project.md	25	images/01-churn-project-01-churn-problem-crisp.png	Churn prediction: each customer gets a churn score, and the customers with the highest scores get a discount offer	original screenshot	1196x720	PASS	none	PASS	promotions.	## Classification		
active	PASS	KEEP	03-classification	01-churn-project.md	36	images/01-churn-project-02-binary-classification-crisp.png	Binary classification: the model g approximates the target y for each customer	original screenshot	1196x720	PASS	none	PASS	$$\large g\left(x_{i}\right) \approx y_{i}$$	Here x is the feature vector - everything we know about the customer -		
active	PASS	KEEP	03-classification	01-churn-project.md	81	images/01-churn-project-03-module-plan-crisp.png	The plan of the module in the course notebook	original screenshot	984x642	PASS	none	PASS	customers.	## Materials		
active	PASS	KEEP	03-classification	02-data-preparation.md	33	images/02-data-preparation-01-download-data-crisp.png	Downloading the dataset with wget	original screenshot	1100x604	PASS	none	PASS	```	In a Jupyter notebook, the `!` prefix runs a shell command instead of		
active	PASS	KEEP	03-classification	02-data-preparation.md	91	images/02-data-preparation-02-first-look-crisp.png	Looking at the data with head().T to see all the columns	original screenshot	1100x604	PASS	none	PASS	```	## Making everything uniform		
active	PASS	KEEP	03-classification	02-data-preparation.md	118	images/02-data-preparation-03-normalized-crisp.png	The same dataframe after making the names and values uniform	original screenshot	1100x616	PASS	none	PASS	stays `month-to-month`, but without the space.	## Fixing the totalcharges column		
active	PASS	KEEP	03-classification	02-data-preparation.md	147	images/02-data-preparation-04-totalcharges-error-crisp.png	"Converting totalcharges to numbers fails because of the ""_"" values"	original screenshot	1100x604	PASS	none	PASS	```	The reason: in the original data, missing values in this column were		
active	PASS	KEEP	03-classification	02-data-preparation.md	173	images/02-data-preparation-05-coerce-missing-crisp.png	The 11 customers with missing total charges	original screenshot	1100x604	PASS	none	PASS	```	These are customers who just joined - their tenure is small and they		
active	PASS	KEEP	03-classification	02-data-preparation.md	205	images/02-data-preparation-06-churn-encoding-crisp.png	Translating churn from yes/no to 1/0	original screenshot	1100x604	PASS	none	PASS	```	For classification we need numbers. We compare the column with `'yes'`		
active	PASS	KEEP	03-classification	03-validation.md	25	images/03-validation-01-train-val-test-split-crisp.png	The plan: first split off 20% for the test set, then split the remaining 80% into train and validation	original screenshot	1042x720	PASS	none	PASS	we do it in two steps.	First we set aside the test set - 20% of all the data:		
active	PASS	KEEP	03-classification	03-validation.md	53	images/03-validation-02-split-sizes-crisp.png	The two splits and the sizes of the resulting sets	original screenshot	1100x644	PASS	none	PASS	```	The full dataset has 7043 customers: 4225 for training (60%), 1409 for		
active	PASS	KEEP	03-classification	03-validation.md	73	images/03-validation-03-reset-index-crisp.png	Resetting the indexes after the shuffle	original screenshot	1100x104	PASS	none	PASS	```	The `drop=True` argument discards the old index instead of adding it		
active	PASS	KEEP	03-classification	03-validation.md	98	images/03-validation-04-isolate-target-crisp.png	Taking the target out of the dataframes and into y vectors	original screenshot	1100x604	PASS	none	PASS	```	This is a safety measure: we don't want to accidentally use the target		
active	PASS	KEEP	03-classification	04-eda.md	54	images/04-eda-01-missing-values-crisp.png	Checking for missing values: everything is 0	original screenshot	1100x604	PASS	none	PASS	```	Everything is 0 - there are no missing values anywhere. We already took		
active	PASS	KEEP	03-classification	04-eda.md	75	images/04-eda-02-churn-rate-crisp.png	The distribution of the target: 73% stayed, 27% churned	original screenshot	1100x604	PASS	none	PASS	```	About 73% of the customers stayed and 27% churned. The percentage of		
active	PASS	KEEP	03-classification	04-eda.md	93	images/04-eda-03-churn-rate-mean-crisp.png	The mean of the binary churn column is the churn rate	original screenshot	1100x264	PASS	none	PASS	```	Same number. This works for any binary variable: its mean is always the		
active	PASS	KEEP	03-classification	04-eda.md	110	images/04-eda-04-numerical-variables-crisp.png	The three numerical variables	original screenshot	1100x64	PASS	none	PASS	```	And 16 categorical ones - everything except `customerid` (an		
active	PASS	KEEP	03-classification	04-eda.md	137	images/04-eda-05-categorical-variables-crisp.png	The list of categorical variables	original screenshot	1100x164	PASS	none	PASS	```	It is a good idea to check how many unique values each categorical		
active	PASS	KEEP	03-classification	05-risk.md	39	images/05-risk-01-churn-rate-gender-crisp.png	Computing the churn rate for each gender and the global churn rate	original screenshot	1100x588	PASS	none	PASS	```	The global churn rate is 0.27, women churn at 0.2768 and men at		
active	PASS	KEEP	03-classification	05-risk.md	90	images/05-risk-02-churn-rate-partner-crisp.png	The churn rate for customers with and without a partner	original screenshot	1100x604	PASS	none	PASS	```	This looks very different from gender. Customers with a partner churn		
active	PASS	KEEP	03-classification	05-risk.md	113	images/05-risk-03-difference-vs-risk-ratio-imagegen-pilot.png	Difference and risk ratio: two ways of comparing a group churn rate with the global one	conceptual imagegen	1550x1014	PASS	none	PASS	and the global churn rate:	```python		
active	PASS	KEEP	03-classification	05-risk.md	131	images/05-risk-04-risk-ratio-crisp.png	The risk ratios for the two partner groups	original screenshot	1100x604	PASS	none	PASS	```	This is the risk ratio. It is easy to read:		
active	PASS	KEEP	03-classification	05-risk.md	194	images/05-risk-05-groupby-gender-crisp.png	The groupby loop showing mean, count, diff and risk for gender	original screenshot	1100x604	PASS	none	PASS	```	And for partner:		
active	PASS	KEEP	03-classification	05-risk.md	217	images/05-risk-06-groupby-contract-crisp.png	The contract table: month-to-month customers churn far more than average	original screenshot	1100x604	PASS	none	PASS	```	`internetservice` tells a similar story - fiber optic customers churn		
active	PASS	KEEP	03-classification	06-mutual-info.md	30	images/06-mutual-info-01-mutual-information-wikipedia-imagegen-pilot.png	Mutual information: how much one variable tells us about another	conceptual imagegen	1536x1024	PASS	none	PASS	categorical variables.	## Measuring it with Scikit-Learn		
active	PASS	KEEP	03-classification	06-mutual-info.md	70	images/06-mutual-info-02-mutual-info-scores-crisp.png	Measuring mutual information with churn for contract, gender and partner	original screenshot	960x500	PASS	none	PASS	```	The order of the arguments doesn't matter - mutual information is		
active	PASS	KEEP	03-classification	06-mutual-info.md	76	images/06-mutual-info-03-symmetric-crisp.png	Mutual information is symmetric: both argument orders give the same score	original screenshot	960x500	PASS	none	PASS	df_full_train.churn)` gives the same 0.0983.	The numbers confirm what we saw with the risk ratios. Contract has by		
active	PASS	KEEP	03-classification	06-mutual-info.md	123	images/06-mutual-info-04-sorted-importance-crisp.png	All categorical variables ranked by mutual information with churn	original screenshot	960x510	PASS	none	PASS	```	The result puts everything on one scale. Contract is the most		
active	PASS	KEEP	03-classification	07-correlation.md	34	images/07-correlation-01-correlation-coefficient-imagegen-pilot.png	The correlation coefficient: the range of r and the low/medium/strong interpretation	conceptual imagegen	1536x1024	PASS	none	PASS	- STRONG when it is between 0.5 and 1.0	In our case one of the two variables is churn - a binary 0/1 column.		
active	PASS	KEEP	03-classification	07-correlation.md	42	images/07-correlation-02-binary-target-imagegen-pilot.png	Correlation with a binary target: positive means more churn, negative means less churn	conceptual imagegen	1536x1024	PASS	none	PASS	important the feature.	## Correlation of numerical features with churn		
active	PASS	KEEP	03-classification	07-correlation.md	61	images/07-correlation-03-corrwith-churn-crisp.png	Correlating the numerical features with churn using corrwith	original screenshot	960x210	PASS	none	PASS	```	Let's read this:		
active	PASS	KEEP	03-classification	07-correlation.md	137	images/07-correlation-04-churn-rate-tenure-clean.png	Churn rate by tenure group: 60%, 40%, 17%	deterministic render	1200x760	PASS	none	PASS	negative correlation told us.	The same check for monthly charges:		
active	PASS	KEEP	03-classification	07-correlation.md	170	images/07-correlation-05-churn-rate-monthly-charges-clean.png	Churn rate by monthly charges group: 8%, 18%, 32%	deterministic render	1400x820	PASS	none	PASS	the positive correlation confirmed.	We now know the importance of categorical variables (mutual		
active	PASS	KEEP	03-classification	08-ohe.md	52	images/08-ohe-01-one-hot-table-crisp.png	One-hot encoding: the gender and contract values of each customer are turned into binary columns, with exactly one 1 per feature	original screenshot	900x680	PASS	none	PASS	the name one-hot encoding comes from.	We do this for every categorical feature. The `paymentmethod` feature		
active	PASS	KEEP	03-classification	08-ohe.md	77	images/08-ohe-02-to-dict-records-crisp.png	Turning a dataframe into a list of dictionaries with to_dict(orient='records') - one dictionary per customer	original screenshot	960x350	PASS	none	PASS	```	## DictVectorizer		
active	PASS	KEEP	03-classification	08-ohe.md	105	images/08-ohe-03-dictvectorizer-fit-crisp.png	Fitting DictVectorizer on the training dictionaries: fit learns the categories, transform produces the matrix, and the result has shape (4225, 45)	original screenshot	960x450	PASS	none	PASS	array.	To see what columns the vectorizer created, use		
active	PASS	KEEP	03-classification	08-ohe.md	124	images/08-ohe-04-feature-names-crisp.png	The feature names created by DictVectorizer: one column per category value such as contract=two_year or internetservice=fiber_optic, plus the numerical columns	original screenshot	960x650	PASS	none	PASS	features after encoding.	## Encoding the validation set		
active	PASS	KEEP	03-classification	08-ohe.md	138	images/08-ohe-05-validation-transform-crisp.png	Encoding the validation set: the same vectorizer, only transform - no second fit	original screenshot	960x450	PASS	none	PASS	```	If we called `fit` again on validation, the columns could come out in a		
active	PASS	KEEP	03-classification	09-logistic-regression.md	33	images/09-logistic-regression-01-binary-classification-clean.png	Binary classification: the target takes values 0 or 1, and the model outputs the probability of belonging to the positive class	deterministic render	1300x760	PASS	none	PASS	this customer will churn.	## From linear regression to logistic regression		
active	PASS	KEEP	03-classification	09-logistic-regression.md	57	images/09-logistic-regression-02-from-linear-to-logistic-clean.png	Logistic regression: the same weighted sum as in linear regression, passed through the sigmoid so the output lands between 0 and 1 instead of anywhere on the real line	deterministic render	1400x760	PASS	none	PASS	</p>	"<p align=""center"">"		
active	PASS	KEEP	03-classification	09-logistic-regression.md	63	images/09-logistic-regression-03-sigmoid-formula-clean.png	The sigmoid curve: scores below zero map to probabilities below 0.5, scores above zero to probabilities above 0.5	deterministic render	1300x820	PASS	none	PASS	</p>	The sigmoid squashes any real number into the range between 0 and 1.		
active	PASS	KEEP	03-classification	09-logistic-regression.md	98	images/09-logistic-regression-04-sigmoid-plot-crisp.png	Sigmoid function	deterministic render	1488x992	PASS	none	PASS	```	The curve has an S shape: scores below roughly -5 give a probability	replaced former 2x soft plot; SVG source uses z=np.linspace(-7,7,51) and sigmoid(z)	
active	PASS	KEEP	03-classification	09-logistic-regression.md	134	images/09-logistic-regression-05-logistic-regression-function-crisp.png	Both models in the notebook: logistic regression is the linear regression function with the score passed through sigmoid before returning	original screenshot	960x410	PASS	none	PASS	```	The two functions are almost identical. That is the whole idea of this		
active	PASS	KEEP	03-classification	10-training-log-reg.md	29	images/10-training-log-reg-01-fit-crisp.png	Training logistic regression: create the model with LogisticRegression and call fit with the feature matrix and the target vector	original screenshot	2640x504	PASS	none	PASS	```	The `solver` is the optimization algorithm that finds the best weights.		
active	PASS	KEEP	03-classification	10-training-log-reg.md	59	images/10-training-log-reg-02-coefficients-crisp.png	The bias term and the 45 weights the model learned - one weight per column produced by DictVectorizer	original screenshot	3030x918	PASS	none	PASS	```	We will read these coefficients in the next lesson.		
active	PASS	KEEP	03-classification	10-training-log-reg.md	81	images/10-training-log-reg-03-soft-predictions-crisp.png	Hard predictions with predict give the final 0/1 answer, soft predictions with predict_proba give the actual probabilities	original screenshot	1200x400	PASS	none	PASS	to 1, so it is enough to take the second one - hence `[:, 1]`.	Now we decide: if the model thinks the probability of churn is 50% or		
active	PASS	KEEP	03-classification	10-training-log-reg.md	90	images/10-training-log-reg-04-churn-decision-crisp.png	Applying the 0.5 threshold: the comparison produces a boolean array with the final churn decision for each customer	original screenshot	3030x660	PASS	none	PASS	```	The result is a boolean array. We can use it to select the customers		
active	PASS	KEEP	03-classification	10-training-log-reg.md	97	images/10-training-log-reg-05-selected-customers-crisp.png	Selecting the validation rows with the churn decision mask: 311 customers should receive the promotional email	original screenshot	3030x1320	PASS	none	PASS	this mask gives 311 customers.	## Accuracy		
active	PASS	KEEP	03-classification	10-training-log-reg.md	137	images/10-training-log-reg-06-accuracy-crisp.png	Computing accuracy both ways: comparing predictions with actual values, and taking the mean of the correct column	original screenshot	3030x1320	PASS	none	PASS	```	Same number, as expected. Taking the mean of a boolean column counts		
active	PASS	KEEP	03-classification	11-log-reg-interpretation.md	32	images/11-log-reg-interpretation-01-zip-crisp.png	Using zip to join two sequences element by element: the numbers 1 to 4 with the letters a to d	original screenshot	3030x1818	PASS	none	PASS	```	We can do the same with the feature names and the weights:		
active	PASS	KEEP	03-classification	11-log-reg-interpretation.md	55	images/11-log-reg-interpretation-02-coefficients-crisp.png	The weights of the full model paired with their feature names - positive weights push towards churn, negative ones push away from it	original screenshot	3030x1200	PASS	none	PASS	```	Now each weight has a name. The interpretation is the same as in linear		
active	PASS	KEEP	03-classification	11-log-reg-interpretation.md	110	images/11-log-reg-interpretation-03-small-features-crisp.png	The smaller model has only five columns: three for the contract categories plus the two numerical features	original screenshot	2940x1410	PASS	none	PASS	```	Three binary columns for the contract categories, plus the two		
active	PASS	KEEP	03-classification	11-log-reg-interpretation.md	133	images/11-log-reg-interpretation-04-small-model-weights-crisp.png	Training the small model and looking at what it learned: the bias term and the five weights	original screenshot	2940x1320	PASS	none	PASS	```	The weights, paired with their names:		
active	PASS	KEEP	03-classification	11-log-reg-interpretation.md	184	images/11-log-reg-interpretation-05-first-example-rendered.png	Scoring the customer in the notebook: the score -3.473 passed through the sigmoid gives a 3% churn probability	deterministic render	1200x440	PASS	none	PASS	```	Only a 3% chance of churn - exactly what we would expect from a		
active	PASS	KEEP	03-classification	11-log-reg-interpretation.md	193	images/11-log-reg-interpretation-06-second-example-imagegen.png	Scoring a month-to-month customer by hand: only the month-to-month weight is used, the other contract weights are multiplied by zero	conceptual imagegen	1793x877	PASS	none	PASS	and the sigmoid of that is about 0.42 - a 42% churn risk.	![The same calculation in the notebook: sigmoid of -0.33 is about 0.42](images/11-log-reg-interpretation-07-second-example-crisp.png)		
active	PASS	KEEP	03-classification	11-log-reg-interpretation.md	195	images/11-log-reg-interpretation-07-second-example-crisp.png	The same calculation in the notebook: sigmoid of -0.33 is about 0.42	original screenshot	3030x1380	PASS	none	PASS	![Scoring a month-to-month customer by hand: only the month-to-month weight is used, the other contract weights are multiplied by zero](images/11-log-reg-interpretation-06-second-example-imagegen.png)	One useful observation: the sigmoid of 0 is 0.5. So if the score is		
active	PASS	KEEP	03-classification	12-using-log-reg.md	34	images/12-using-log-reg-01-final-model-crisp.png	Training the final model on the full training data: encode with DictVectorizer, then fit logistic regression	original screenshot	2898x1170	PASS	none	PASS	```	Note that we fit a new `DictVectorizer` on the full training data as		
active	PASS	KEEP	03-classification	12-using-log-reg.md	57	images/12-using-log-reg-02-test-accuracy-crisp.png	Checking the final model on the test set: encode, predict, apply the threshold, and compare with the actual labels	original screenshot	3498x1320	PASS	none	PASS	```	Accuracy on the test set is about 81.5%. On validation we had 80.3%.		
active	PASS	KEEP	03-classification	12-using-log-reg.md	97	images/12-using-log-reg-03-score-one-customer-crisp.png	Using the model in production: a customer with their features goes into the model, which outputs a prediction	original screenshot	3498x1500	PASS	none	PASS	```	The vectorizer expects a list of dictionaries, so we wrap the customer		
active	PASS	KEEP	03-classification	12-using-log-reg.md	130	images/12-using-log-reg-04-production-diagram-imagegen.png	The production scenario: a customer service event sends the customer's data to the model, and the prediction decides whether to send a promotional email	conceptual imagegen	1983x793	PASS	none	PASS	promotional email with a discount, hoping to keep them.	The model itself is just numbers - weights and the bias term - and the		
active	PASS	KEEP	03-classification	13-summary.md	10	images/13-summary-01-churn-prediction-imagegen.png	The churn prediction project: a telecom company wants to identify the customers likely to leave, and send a promotional email only to them	conceptual imagegen	1717x916	PASS	none	PASS	scores customers.	## What we did		
active	PASS	KEEP	03-classification	13-summary.md	40	images/13-summary-02-notebook-recap-crisp.png	The notebook we built throughout the module, from data preparation to using the model	original screenshot	3408x1284	PASS	none	PASS	individual customers	## Main takeaways		
active	PASS	KEEP	03-classification	13-summary.md	50	images/13-summary-03-summary-takeaways-crisp.png	The end of the notebook: scoring one last customer and the summary of the module	original screenshot	3408x1410	PASS	none	PASS	- Interpretation of weights is similar to linear regression	The same scheme works for many other binary classification problems:		
active	PASS	KEEP	03-classification	14-explore-more.md	6	images/14-explore-more-01-preprocessing-model-comparison-imagegen.png	A classification experiment bench for selecting features, encoding categories, scaling numbers, and comparing models.	conceptual imagegen	1672x941	PASS	none	PASS	More things	*Figure: Try alternative preprocessing and models, then compare them on validation data.*		
active	PASS	KEEP	04-evaluation	01-overview.md	11	images/01-overview-01-title-crisp.png	The title slide of the session	original screenshot	956x720	PASS	none	PASS	In this session we start module 4. In the previous module we trained a logistic regression model that predicts customer churn - now we need to answer the question: how do we know if it's good? We first recap the code that gets us back to the trained model, and then we look at the metrics we will use to evaluate it.	## What is a metric		
active	PASS	KEEP	04-evaluation	01-overview.md	17	images/01-overview-03-metric-definition-crisp.png	The definition of a metric in the notebook	original screenshot	1154x584	PASS	none	PASS	A metric is a function that compares the predictions with the actual values and outputs a single number that tells how good the predictions are.	That is all a metric is: predictions go in, the true values go in, and one number comes out. Different metrics look at different aspects of the predictions, and picking the right one for the problem is the topic of this whole module.		
active	PASS	KEEP	04-evaluation	01-overview.md	25	images/01-overview-02-churn-scenario-crisp.png	The churn prediction scenario: the telco sends a promo email to the customers with a churn score of 0.5 or higher	original screenshot	956x720	PASS	none	PASS	We keep working with the telco churn dataset from the previous module. Each row is a customer of a telecom company, and the target is the `churn` column: 1 if the customer left, 0 if they stayed. The dataset comes from [Kaggle](https://www.kaggle.com/blastchar/telco-customer-churn) (the link is also in the notes below).	## Recap: back to the trained model		
active	PASS	KEEP	04-evaluation	01-overview.md	56	images/01-overview-04-load-split-crisp.png	Loading and cleaning the data, then splitting it into train, validation and test	original screenshot	1154x584	PASS	none	PASS	```	We keep 3 numerical features (`tenure`, `monthlycharges`, `totalcharges`) and 16 categorical ones, one-hot encode them with `DictVectorizer(sparse=False)`, and train a logistic regression model.		
active	PASS	KEEP	04-evaluation	01-overview.md	60	images/01-overview-05-features-crisp.png	The numerical and categorical features of the dataset	original screenshot	1154x584	PASS	none	PASS	We keep 3 numerical features (`tenure`, `monthlycharges`, `totalcharges`) and 16 categorical ones, one-hot encode them with `DictVectorizer(sparse=False)`, and train a logistic regression model.	At the end of the recap we get predictions on the validation set. `predict_proba` returns the churn probability for each customer, and we say the model predicts churn when this probability is at least 0.5:		
active	PASS	KEEP	04-evaluation	01-overview.md	70	images/01-overview-06-predictions-accuracy-crisp.png	Predicting churn and computing the agreement with the actual outcomes: 0.8034	original screenshot	1154x584	PASS	none	PASS	```	This gives us `0.8034066713981547` - the model agrees with the actual outcomes about 80% of the time. Is 80% good? That is exactly what we cannot tell yet: a single agreement number is the simplest metric, accuracy, and in the next lesson we start poking at it.		
active	PASS	KEEP	04-evaluation	01-overview.md	85	images/01-overview-07-module-outline-crisp.png	The sections of the notebook covering the module topics	original screenshot	1154x584	PASS	none	PASS	The whole module walks through one notebook, [notebook.ipynb](notebook.ipynb) - the same churn prediction project as in module 3.	## Materials		
active	PASS	KEEP	04-evaluation	02-accuracy.md	15	images/02-accuracy-02-accuracy-example-crisp.png	A toy accuracy example: 3 out of 6 predictions are correct	original screenshot	1804x1360	PASS	none	PASS	Accuracy measures the fraction of correct predictions: the number of correct predictions divided by the total number of predictions.	Our validation set has 1409 customers:		
active	PASS	KEEP	04-evaluation	02-accuracy.md	31	images/02-accuracy-03-accuracy-notebook-crisp.png	Computing accuracy in the notebook: 1132 correct predictions out of 1409	original screenshot	1154x584	PASS	none	PASS	This gives `0.8034066713981547`. Indeed, 1132 / 1409 is 0.8034 - about 80% of the predictions match the actual outcomes.	Scikit-learn has this computation built in as `accuracy_score`:		
active	PASS	KEEP	04-evaluation	02-accuracy.md	43	images/02-accuracy-04-accuracy-score-crisp.png	The same accuracy computed with sklearn accuracy_score	original screenshot	1154x584	PASS	none	PASS	This gives the same `0.8034066713981547`.	## Checking different thresholds		
active	PASS	KEEP	04-evaluation	02-accuracy.md	88	images/02-accuracy-01-accuracy-vs-threshold-crisp.png	Accuracy of the model at different decision thresholds	deterministic render	1488x992	PASS	none	PASS	Plotted, the accuracy rises quickly, peaks around 0.5, and then slowly declines before flattening out:	So for this problem the best decision cutoff is indeed 0.5, with 80% accuracy. That was a lucky guess - but it didn't have to be. On other problems the best threshold is often different from 0.5, and this simple loop is how you find it.	replaced former 2x soft plot; SVG source uses lesson scores for thresholds 0.00..1.00	
active	PASS	KEEP	04-evaluation	02-accuracy.md	108	images/02-accuracy-05-dummy-counter-crisp.png	The dummy model in the notebook: predicting no churn for all 1409 customers	original screenshot	1154x390	PASS	none	PASS	```	What accuracy does this dummy model get? The answer is the fraction of customers who did not churn:		
active	PASS	KEEP	04-evaluation	02-accuracy.md	118	images/02-accuracy-06-dummy-accuracy-crisp.png	The accuracy of the dummy model: one minus the churn rate	original screenshot	1154x584	PASS	none	PASS	This gives `0.7260468417317246` - 73%.	"So a model that doesn't look at the data at all scores 73%, and our logistic regression scores 80%. The improvement over the dummy baseline is much smaller than ""80% correct"" made it sound."		
active	PASS	KEEP	04-evaluation	02-accuracy.md	122	images/02-accuracy-07-thresholds-endpoints-crisp.png	The accuracy curve with both ends marked: 0.27 at threshold 0 and 0.73 at threshold 1	original screenshot	1154x584	PASS	teaching annotation (intentional)	PASS	"So a model that doesn't look at the data at all scores 73%, and our logistic regression scores 80%. The improvement over the dummy baseline is much smaller than ""80% correct"" made it sound."	## Why accuracy fails here: class imbalance		
active	PASS	KEEP	04-evaluation	02-accuracy.md	128	images/02-accuracy-08-class-imbalance-crisp.png	"The class imbalance: 27% of the customers churn, 73% stay - and the dummy model predicts ""no churn"" for everybody"	original screenshot	902x680	PASS	none	PASS	The reason is that the classes are unbalanced: only 27% of the customers in the validation set churned, and 73% stayed. This is called class imbalance - there are many more instances of one class than of the other.	With such an imbalance, a model can get a high accuracy by always predicting the majority class, while being completely useless for the minority class - which is exactly the class we care about: we want to find the customers who are about to leave.		
active	PASS	KEEP	04-evaluation	03-confusion-table.md	24	images/03-confusion-table-01-four-outcomes-crisp.png	The four outcomes of a churn prediction: true negative, false negative, false positive and true positive	original screenshot	1036x720	PASS	none	PASS	"Reading the names: ""positive""/""negative"" is what we predicted, ""true""/""false"" is whether that prediction was correct. A false positive is a customer we sent a promotional email to, but who was never going to leave. A false negative is a customer who left without us ever flagging them - often the more costly mistake."	## Computing the counts		
active	PASS	KEEP	04-evaluation	03-confusion-table.md	39	images/03-confusion-table-02-prediction-conditions-crisp.png	Defining the actual classes and the positive/negative predictions at threshold 0.5	original screenshot	1154x612	PASS	none	PASS	```	Each cell is the number of customers where the two conditions hold at the same time. The `&` operator is the element-wise logical AND:		
active	PASS	KEEP	04-evaluation	03-confusion-table.md	51	images/03-confusion-table-03-and-operator-crisp.png	The element-wise AND of the two conditions: only True and True gives True	original screenshot	1154x612	PASS	none	PASS	```	For our model this gives tp = 210, tn = 922, fp = 101 and fn = 176 - and indeed 210 + 922 + 101 + 176 = 1409, all customers accounted for.		
active	PASS	KEEP	04-evaluation	03-confusion-table.md	55	images/03-confusion-table-04-confusion-counts-crisp.png	The four groups in the validation set: 922 true negatives, 101 false positives, 176 false negatives and 210 true positives	original screenshot	1044x680	PASS	none	PASS	For our model this gives tp = 210, tn = 922, fp = 101 and fn = 176 - and indeed 210 + 922 + 101 + 176 = 1409, all customers accounted for.	## The table		
active	PASS	KEEP	04-evaluation	03-confusion-table.md	76	images/03-confusion-table-05-confusion-matrix-output-crisp.png	The confusion matrix as a NumPy array, with a promo email sketched next to the false positives	original screenshot	1154x612	PASS	none	PASS	```	|                | Predicted negative | Predicted positive |		
active	PASS	KEEP	04-evaluation	03-confusion-table.md	96	images/03-confusion-table-06-normalized-confusion-matrix-crisp.png	Turning the confusion matrix into fractions of the whole validation set	original screenshot	1154x612	PASS	none	PASS	```	So 65% of all customers are true negatives, 7% false positives, 12% false negatives and 15% true positives.		
active	PASS	KEEP	04-evaluation	03-confusion-table.md	102	images/03-confusion-table-07-accuracy-from-table-crisp.png	The confusion table with percentages: accuracy 80% is the sum of the diagonal	original screenshot	1044x680	PASS	none	PASS	Accuracy fits right back in: it is the sum of the diagonal - the correct decisions TN and TP - divided by the total. Here (922 + 210) / 1409 = 0.8034, the same 80% as before. What the table adds is the split of the remaining 20% into 7% of false positives and 12% of false negatives - two errors with very different business costs.	## Materials		
active	PASS	KEEP	04-evaluation	04-precision-recall.md	19	images/04-precision-recall-01-precision-definition-crisp.png	The definition of precision: the fraction of positive predictions that are correct	original screenshot	1472x1069	PASS	none	PASS	```	For our model:		
active	PASS	KEEP	04-evaluation	04-precision-recall.md	30	images/04-precision-recall-02-precision-notebook-crisp.png	Computing precision in the notebook: 210 correct out of 311 positive predictions	original screenshot	1154x584	PASS	none	PASS	This gives `0.6752411575562701` - precision of about 67%.	In the terms of the churn problem: we send a retention email to everyone predicted to churn. That is 210 + 101 = 311 people, but only 210 of them (the true positives) were actually going to leave. The other 101 - about a third of all emails - go to customers who were never at risk, and the discount we send them is wasted.		
active	PASS	KEEP	04-evaluation	04-precision-recall.md	34	images/04-precision-recall-03-precision-pie-crisp.png	Precision as a pie: the green TP slice and the red FP slice of the predicted-to-churn customers	original screenshot	816x430	PASS	none	PASS	In the terms of the churn problem: we send a retention email to everyone predicted to churn. That is 210 + 101 = 311 people, but only 210 of them (the true positives) were actually going to leave. The other 101 - about a third of all emails - go to customers who were never at risk, and the discount we send them is wasted.	## Recall		
active	PASS	KEEP	04-evaluation	04-precision-recall.md	44	images/04-precision-recall-04-recall-definition-crisp.png	The definition of recall: the fraction of correctly identified positive examples	original screenshot	916x720	PASS	none	PASS	```	For our model:		
active	PASS	KEEP	04-evaluation	04-precision-recall.md	57	images/04-precision-recall-05-recall-example-crisp.png	A recall example: three of the four actual churners are flagged, one is missed	original screenshot	800x710	PASS	none	PASS	Again in the terms of the problem: 210 + 176 = 386 customers actually churned, but our model flagged only 210 of them. For the remaining 176 - about 46% of all churners - we did nothing: no email, no discount, and the customer left. This is the part accuracy never showed us.	## Why not just accuracy		
active	PASS	KEEP	04-evaluation	04-precision-recall.md	63	images/04-precision-recall-06-precision-recall-table-crisp.png	Precision looks at the predicted-positive column, recall at the actual-positive row of the confusion table	original screenshot	996x640	PASS	none	PASS	Recall what accuracy said: 80% correct, only 4 points above the dummy model. Precision and recall explain where the model actually stands: of the customers we alert, two thirds are real (precision 67%), but we miss almost half of the customers who leave (recall 54%).	These numbers reflect the errors of our model that accuracy did not notice because of class imbalance: churners are only 27% of the data, so the 12% of false negatives barely move the accuracy number, yet they are half of all the customers we care about. When the classes are imbalanced - churn, fraud, medical diagnosis - precision and recall are the metrics to look at.		
active	PASS	KEEP	04-evaluation	04-precision-recall.md	67	images/04-precision-recall-07-metrics-summary-crisp.png	Precision 67%, recall 54%, accuracy 80% - the three numbers together	original screenshot	880x660	PASS	none	PASS	These numbers reflect the errors of our model that accuracy did not notice because of class imbalance: churners are only 27% of the data, so the 12% of false negatives barely move the accuracy number, yet they are half of all the customers we care about. When the classes are imbalanced - churn, fraud, medical diagnosis - precision and recall are the metrics to look at.	## Materials		
active	PASS	KEEP	04-evaluation	05-roc.md	75	images/05-roc-01-tpr-fpr-vs-threshold-crisp.png	TPR and FPR of the model at different thresholds	original screenshot	1488x992	PASS	none	PASS	```	## The random model		
active	PASS	KEEP	04-evaluation	05-roc.md	88	images/05-roc-02-random-model-tpr-fpr-crisp.png	TPR and FPR of the random model at different thresholds	original screenshot	1488x992	PASS	none	PASS	Its accuracy at threshold 0.5 is `0.5017743080198722` - a coin flip, as expected. Computing the TPR/FPR table for these random scores (with the same loop, wrapped in a reusable function `tpr_fpr_dataframe`) and plotting gives two almost straight lines going down together:	For the random model, at any threshold the fraction of positives we catch is the same as the fraction of negatives we bother - it cannot tell the two groups apart.		
active	PASS	KEEP	04-evaluation	05-roc.md	112	images/05-roc-03-ideal-model-tpr-fpr-crisp.png	TPR and FPR of the ideal model at different thresholds	original screenshot	1488x992	PASS	none	PASS	This gives `1.0` - perfect predictions, as an ideal model should. Its TPR and FPR vs threshold:	The ideal TPR stays at 1.0 for every threshold below 0.726 - it catches all churners while they all score higher than any non-churner - and only then drops. The ideal FPR falls to 0 at that same point.		
active	PASS	KEEP	04-evaluation	05-roc.md	130	images/05-roc-04-model-vs-ideal-tpr-fpr-crisp.png	Model TPR and FPR against the ideal model	original screenshot	1552x1056	PASS	none	PASS	```	## The ROC curve		
active	PASS	KEEP	04-evaluation	05-roc.md	148	images/05-roc-05-roc-curve-manual-crisp.png	ROC curve of the model against the random baseline	original screenshot	1384x1332	PASS	none	PASS	```	The lesson to take away: the closer the curve hugs the top-left corner - high true positive rate at a low false positive rate - the better the model. A curve sitting on the diagonal belongs to a random model.		
active	PASS	KEEP	04-evaluation	05-roc.md	176	images/05-roc-06-roc-curve-sklearn-crisp.png	ROC curve computed with sklearn roc_curve	original screenshot	1384x1332	PASS	none	PASS	```	What kind of information do we get from this curve - and how do we boil it down to a single number? That is the ROC AUC metric, the topic of the next lesson.		
active	PASS	KEEP	04-evaluation	06-auc.md	22	images/06-auc-02-auc-values-imagegen.png	The area under the ROC curve: 0.5 for a random model, 1.0 for an ideal one, with 0.8, 0.9 and 0.6 in between	conceptual imagegen	1536x1024	PASS	none	PASS	A real model lands between 0.5 and 1: the closer its curve is to the top-left corner, the larger the area under it. As a rule of thumb, an AUC around 0.8 is considered good, 0.9 is great, and 0.6 is poor.	Scikit-learn computes the area with `auc`, which works for any curve, not only ROC curves:		
active	PASS	KEEP	04-evaluation	06-auc.md	34	images/06-auc-03-auc-notebook-crisp.png	Computing the area with sklearn auc: for the sklearn curve and for the hand-computed table	original screenshot	3462x1752	PASS	none	PASS	This gives `0.843850505725819`. Feeding it the table we computed by hand in the previous lesson gives practically the same number - `0.8438796286447967` - and the ideal curve gives `0.9999430203759136`, almost exactly 1.	There is also a shortcut that computes the ROC curve and the area in one step:		
active	PASS	KEEP	04-evaluation	06-auc.md	46	images/06-auc-04-roc-auc-score-crisp.png	The roc_auc_score shortcut giving the same value	original screenshot	3462x1752	PASS	none	PASS	This gives `0.843850505725819` - the same value as with `auc(fpr, tpr)`. Our churn model has an AUC of 0.84: clearly better than random, not far from ideal.	## Interpreting AUC		
active	PASS	KEEP	04-evaluation	06-auc.md	54	images/06-auc-05-auc-interpretation-imagegen.png	The AUC interpretation: comparing the scores of a randomly selected positive and a randomly selected negative customer	conceptual imagegen	1572x1001	PASS	none	PASS	In our case: pick a random customer who churned and a random customer who stayed - how likely is it that our model gave the churner the higher risk score? That probability is exactly the AUC.	We can check this by simulation. First we split the predictions into the scores of negatives and positives:		
active	PASS	KEEP	04-evaluation	06-auc.md	81	images/06-auc-06-auc-simulation-crisp.png	The simulation in the notebook: 100000 random positive-negative pairs, 84% of them won by the positive	original screenshot	3030x1680	PASS	none	PASS	```	The result is `0.8434` - practically the same as the AUC of `0.843850505725819`.		
active	PASS	KEEP	04-evaluation	07-cross-validation.md	42	images/07-cross-validation-02-train-predict-crisp.png	Applying predict and initializing KFold in the notebook	original screenshot	3030x1110	PASS	none	PASS	```	## K-fold cross-validation		
active	PASS	KEEP	04-evaluation	07-cross-validation.md	48	images/07-cross-validation-01-kfold-diagram-pilot.png	K-fold cross-validation with three folds: train on two, validate on the remaining one, then average the AUCs	conceptual imagegen	1555x1012	PASS	none	PASS	The idea of k-fold cross-validation: split the full training dataset into k partitions (folds). Train the model on k-1 folds, evaluate on the remaining one. Repeat k times, so every fold serves as the validation set once, and average the scores.	Scikit-learn implements the splitting with `KFold`. With `shuffle=True` the rows are shuffled before splitting, and `random_state=1` makes the shuffle reproducible:		
active	PASS	KEEP	04-evaluation	07-cross-validation.md	60	images/07-cross-validation-03-split-generator-crisp.png	Demonstrating the split generator: every split gives a training and a validation part	original screenshot	3030x1800	PASS	none	PASS	`kfold.split(df_full_train)` is a Python generator: each call to `next` yields the next split as two arrays of row indices - the indices to train on and the indices to validate on. We slice the dataframe with `iloc`, train, predict and score with AUC:	```python		
active	PASS	KEEP	04-evaluation	07-cross-validation.md	88	images/07-cross-validation-04-tuning-loop-crisp.png	The parameter-tuning loop: five-fold cross-validation for each value of C	original screenshot	3030x1710	PASS	none	PASS	```	The `tqdm` wrapper draws a progress bar so we can see the loop moving. The output:		
active	PASS	KEEP	04-evaluation	07-cross-validation.md	102	images/07-cross-validation-05-tuning-results-crisp.png	The tuning results: mean and standard deviation of AUC for each C	original screenshot	3030x1080	PASS	none	PASS	```	For each value of `C` we get the mean AUC across the 5 folds and the standard deviation. The mean tells us the average performance; the standard deviation tells us how spread out the scores are across the folds - how stable the model is. For example, for the last run (`C=10`) the five fold scores were:		
active	PASS	KEEP	04-evaluation	07-cross-validation.md	134	images/07-cross-validation-06-final-model-crisp.png	Training the final model on the full training data and evaluating it on the test set: AUC 0.857	original screenshot	3030x1680	PASS	none	PASS	This gives `0.8572386167896259`. That is slightly better than the cross-validation average - a small difference like this is normal.	## When to use cross-validation		
active	PASS	KEEP	04-evaluation	08-summary.md	17	images/08-summary-01-metrics-list-crisp.png	The summary slide in the notebook: the metrics of this module in one list	original screenshot	3462x930	PASS	none	PASS	- K-Fold CV: a more reliable estimate for performance (mean + std), used for parameter tuning	With the metric chosen and the parameter tuned, the model is ready: in module 5 we take this churn model and deploy it as a service. There are also a few ideas to dig deeper in [Explore more](09-explore-more.md).		
active	PASS	KEEP	04-evaluation	09-explore-more.md	6	images/09-explore-more-01-threshold-precision-recall-imagegen.png	A classifier score distribution connects a threshold to confusion counts, precision, recall, and the precision-recall curve.	conceptual imagegen	1672x941	PASS	none	PASS	deeper into the topics of this module:	*Figure: Changing the threshold changes the precision-recall trade-off.*		
active	PASS	KEEP	05-deployment	01-intro.md	10	images/01-intro-01-title-crisp.png	Deploying machine learning models	original screenshot	864x672	PASS	none	PASS	systems can call over the network.	## The problem: the model lives in a notebook		
active	PASS	KEEP	05-deployment	01-intro.md	31	images/01-intro-02-model-deployment-diagram-imagegen-pilot.png	The marketing service asks the churn service, which uses the model, for predictions	conceptual imagegen	1536x1024	PASS	none	PASS	promo email or do nothing.	## The plan for this module		
active	PASS	KEEP	05-deployment	01-intro.md	38	images/01-intro-03-module-plan-crisp.png	The plan of the module, from the lesson notes	original screenshot	910x600	PASS	none	PASS	by step:	- Saving and loading the model with pickle, and turning the notebook into a		
active	PASS	KEEP	05-deployment	01-intro.md	53	images/01-intro-04-module-plan-continued-crisp.png	The second half of the plan: Pipenv, Docker and AWS	original screenshot	910x600	PASS	none	PASS	(optional), which makes the service available on the internet.	Each step removes one thing that ties the model to our laptop: the notebook,		
active	PASS	KEEP	05-deployment	01-intro.md	59	images/01-intro-05-environments-crisp.png	The web service wraps the model, Pipenv wraps the Python dependencies, Docker wraps everything	original screenshot	1478x1064	PASS	none	PASS	and finally the local machine itself.	## Materials		
active	PASS	KEEP	05-deployment	02-pickle.md	13	images/02-pickle-01-module-plan-crisp.png	The plan of the module: saving and loading the model	original screenshot	1020x572	PASS	none	PASS	later without training it again.	## Why we need to save the model		
active	PASS	KEEP	05-deployment	02-pickle.md	42	images/02-pickle-02-pickle-dump-crisp.png	Saving the vectorizer and the model as a tuple with pickle	original screenshot	1070x614	PASS	none	PASS	```	The `'wb'` mode means write-binary - pickle produces binary data, so we must		
active	PASS	KEEP	05-deployment	02-pickle.md	49	images/02-pickle-03-model-filename-crisp.png	The filename contains the value of C	original screenshot	1070x590	PASS	none	PASS	it is useful to see it in the filename: `model_C=1.0.bin`.	The vectorizer has to travel with the model. It was fitted on the training		
active	PASS	KEEP	05-deployment	02-pickle.md	70	images/02-pickle-04-loaded-model-crisp.png	Loading the model back: the tuple unpacks into the vectorizer and the model	original screenshot	1070x590	PASS	none	PASS	without running any training code.	One warning: never unpickle a file from a source you do not trust. Pickle		
active	PASS	KEEP	05-deployment	02-pickle.md	89	images/02-pickle-05-train-py-crisp.png	The train.py script: the predict function and the cross-validation loop	original screenshot	1020x584	PASS	none	PASS	- training the final model and saving it with pickle.	A script is what we will actually run on a server: it is reproducible, it can		
active	PASS	KEEP	05-deployment	03-flask-intro.md	12	images/03-flask-intro-01-module-overview-crisp.png	The plan of the module: web services are the focus of this week	original screenshot	928x688	PASS	none	PASS	"Flask app that answers a ping request with ""PONG""."	## What is a web service?		
active	PASS	KEEP	05-deployment	03-flask-intro.md	21	images/03-flask-intro-02-request-response-crisp.png	A client sends a request to the web service and gets a response back	original screenshot	928x600	PASS	none	PASS	sends back a response.	The client says not only where to send the request, but also what it wants to		
active	PASS	KEEP	05-deployment	03-flask-intro.md	55	images/03-flask-intro-03-ping-app-crisp.png	The ping.py service in the editor	original screenshot	920x584	PASS	none	PASS	```	Line by line:		
active	PASS	KEEP	05-deployment	04-flask-deployment.md	15	images/04-flask-deployment-01-module-plan-crisp.png	The plan of the module: serving the churn model with Flask	original screenshot	920x572	PASS	none	PASS	the churn probability.	## The web service		
active	PASS	KEEP	05-deployment	04-flask-deployment.md	57	images/04-flask-deployment-02-predict-py-crisp.png	The predict.py service in the editor	original screenshot	920x584	PASS	none	PASS	```	The parts worth noting:		
active	PASS	KEEP	05-deployment	04-flask-deployment.md	75	images/04-flask-deployment-03-json-serializable-error-crisp.png	Flask cannot serialize NumPy types to JSON, so we cast to native Python types	original screenshot	960x546	PASS	none	PASS	- `jsonify(result)` turns the dictionary into a JSON response.	## Testing the service		
active	PASS	KEEP	05-deployment	04-flask-deployment.md	113	images/04-flask-deployment-04-test-request-crisp.png	Sending a test request with the requests library	original screenshot	960x200	PASS	none	PASS	```	This is exactly how a marketing service would talk to our model: send		
active	PASS	KEEP	05-deployment	04-flask-deployment.md	127	images/04-flask-deployment-05-dev-server-warning-crisp.png	Flask warns that the development server is not for production	original screenshot	922x374	PASS	none	PASS	network work around it.	The common choice is gunicorn:		
active	PASS	KEEP	05-deployment	04-flask-deployment.md	148	images/04-flask-deployment-06-waitress-windows-crisp.png	gunicorn fails on Windows because of the fcntl module; waitress is the alternative	original screenshot	900x380	PASS	none	PASS	```	The [next unit](05-pipenv.md) deals with the remaining piece: keeping the		
active	PASS	KEEP	05-deployment	05-pipenv.md	13	images/05-pipenv-01-title-imagegen.png	Environment and dependency management	conceptual imagegen	1672x941	PASS	none	PASS	we tested it with.	## The problem: conflicting library versions		
active	PASS	KEEP	05-deployment	05-pipenv.md	23	images/05-pipenv-02-version-conflict-imagegen.png	Two services sharing one system Python: upgrading scikit-learn for one breaks the other	conceptual imagegen	1672x941	PASS	none	PASS	the other breaks.	The fix is a virtual environment: a private set of packages for one project.		
active	PASS	KEEP	05-deployment	05-pipenv.md	29	images/05-pipenv-03-isolated-environments-imagegen.png	Each service gets its own virtual environment - no conflicts	conceptual imagegen	1672x941	PASS	none	PASS	or with the system Python.	There are many tools for this - `venv`, `conda`, `poetry`. In this course we		
active	PASS	KEEP	05-deployment	05-pipenv.md	36	images/05-pipenv-04-venv-tools-imagegen.png	Tools for virtual environments: venv, conda, pipenv, poetry	conceptual imagegen	1672x941	PASS	none	PASS	server later.	## Installing libraries with Pipenv		
active	PASS	KEEP	05-deployment	05-pipenv.md	84	images/05-pipenv-05-pipenv-install-lock-crisp.png	Installing the dependencies: Pipfile updated, Pipfile.lock created	original screenshot	2754x1680	PASS	none	PASS	stops being a mystery, because the server installs precisely what we tested.	## Running things with Pipenv		
active	PASS	KEEP	05-deployment	05-pipenv.md	104	images/05-pipenv-06-shell-path-crisp.png	Inside the shell, gunicorn resolves to the virtual environment's bin directory	original screenshot	2670x870	PASS	none	PASS	packages, so we can start the service as usual:	```bash		
active	PASS	KEEP	05-deployment	06-docker.md	13	images/06-docker-01-module-plan-crisp.png	The plan of the module: environment management with Docker	original screenshot	2724x750	PASS	none	PASS	dependencies, independent of the host machine.	## Installing Docker		
active	PASS	KEEP	05-deployment	06-docker.md	51	images/06-docker-02-containers-on-host-imagegen.png	Each container carries its own OS and Python version - complete isolation	conceptual imagegen	1672x941	PASS	none	PASS	machine that runs Docker.	## The Dockerfile		
active	PASS	KEEP	05-deployment	06-docker.md	77	images/06-docker-03-base-image-docker-hub-crisp.png	Choosing the python:3.8.12-slim base image on Docker Hub	original screenshot	3030x630	PASS	none	PASS	```	Instruction by instruction:		
active	PASS	KEEP	05-deployment	06-docker.md	108	images/06-docker-04-dockerfile-crisp.png	Writing the Dockerfile for the churn service	original screenshot	2700x1650	PASS	none	PASS	is what makes Docker run the command directly, without a shell wrapping it.	## Building and running		
active	PASS	KEEP	05-deployment	06-docker.md	133	images/06-docker-05-port-mapping-imagegen.png	Port publishing: the test script talks to port 9696 on the host, which maps into the container	conceptual imagegen	1672x941	PASS	none	PASS	container.	The test script from the [previous unit](04-flask-deployment.md) now talks to		
active	PASS	KEEP	05-deployment	07-aws-eb.md	9	images/07-aws-eb-01-module-plan-crisp.png	The plan of the module: deployment to the cloud with AWS Elastic Beanstalk	original screenshot	2724x750	PASS	none	PASS	Elastic Beanstalk, which makes it reachable from anywhere on the internet.	## Why the cloud		
active	PASS	KEEP	05-deployment	07-aws-eb.md	31	images/07-aws-eb-02-eb-architecture-imagegen.png	The marketing service talks to the churn service inside the Elastic Beanstalk environment	conceptual imagegen	1672x941	PASS	none	PASS	churn probability, and EB relays the answer back.	## Deploying step by step		
active	PASS	KEEP	05-deployment	07-aws-eb.md	54	images/07-aws-eb-03-eb-init-crisp.png	Initializing the EB application with eb init	original screenshot	2580x1440	PASS	none	PASS	- `churn-serving` - the name of the application.	You can look at the generated configuration with `less		
active	PASS	KEEP	05-deployment	07-aws-eb.md	64	images/07-aws-eb-04-eb-local-test-crisp.png	Testing the service locally: the test script gets a prediction from the container	original screenshot	2502x1140	PASS	none	PASS	```	The test script from the [earlier unit](04-flask-deployment.md) can test it		
active	PASS	KEEP	05-deployment	07-aws-eb.md	73	images/07-aws-eb-05-eb-create-crisp.png	Creating the environment: EB starts instances, a load balancer and an auto scaling group	original screenshot	2580x1230	PASS	none	PASS	```	This takes a few minutes: EB starts the instances, deploys the container and		
active	PASS	KEEP	05-deployment	07-aws-eb.md	81	images/07-aws-eb-06-eb-url-test-crisp.png	The test script now points to the Elastic Beanstalk environment URL	original screenshot	3318x1560	PASS	none	PASS	them to the container.	Two things to keep in mind. The environment URL is public - anyone who finds		
active	PASS	KEEP	05-deployment	07-aws-eb.md	93	images/07-aws-eb-07-terminate-environment-crisp.png	Terminating the environment from the EB console when it is no longer needed	original screenshot	3588x1470	PASS	none	PASS	```	## Materials		
active	PASS	KEEP	05-deployment	08-summary.md	10	images/08-summary-01-module-plan-crisp.png	The plan of the module: from saving the model to web services	original screenshot	2730x1800	PASS	none	PASS	that other systems can call.	## What we covered		
active	PASS	KEEP	05-deployment	08-summary.md	32	images/08-summary-02-module-plan-continued-crisp.png	The second half of the plan: Pipenv, Docker and AWS Elastic Beanstalk	original screenshot	2730x720	PASS	none	PASS	container on AWS machines and makes the service available on the internet.	To summarize the whole module in one list:		
active	PASS	KEEP	05-deployment	08-summary.md	42	images/08-summary-03-summary-list-crisp.png	The whole module in one list, from the lesson plan	original screenshot	2730x840	PASS	none	PASS	- Deploy to the cloud (AWS Elastic Beanstalk)	The [next unit](09-explore-more.md) has no video - it lists other tools you		
active	PASS	KEEP	05-deployment	09-explore-more.md	6	images/09-explore-more-01-deployment-choices-imagegen.png	A packaged model can be served through different frameworks, environments, and cloud destinations.	conceptual imagegen	1672x941	PASS	none	PASS	deeper into the topics of this module:	*Figure: Deployment choices form a stack from the model artifact to the cloud.*		
active	PASS	KEEP	06-trees	01-credit-risk.md	24	images/01-credit-risk-01-loan-application-imagegen.png	A client applies for a loan, the bank answers yes or no	conceptual imagegen	1536x1024	PASS	none	PASS	default? For example:	- Customer A - OK		
active	PASS	KEEP	06-trees	01-credit-risk.md	32	images/01-credit-risk-02-historical-data-imagegen.png	Historical data: customers and whether they paid back	conceptual imagegen	1536x1024	PASS	none	PASS	- Customer E - OK	We use this data to train a model. Then, when a new customer applies		
active	PASS	KEEP	06-trees	01-credit-risk.md	60	images/01-credit-risk-03-probability-of-default-imagegen.png	The target y is 0 for OK and 1 for default; g(x) is the probability of default	conceptual imagegen	1672x941	PASS	none	PASS	is a likely defaulter and the bank may decline the application.	## The dataset		
active	PASS	KEEP	06-trees	01-credit-risk.md	69	images/01-credit-risk-04-dataset-columns-crisp.png	The columns of the credit scoring dataset	original screenshot	860x660	PASS	none	PASS	`status` - it says whether the customer defaulted or not.	The dataset is available on		
active	PASS	KEEP	06-trees	01-credit-risk.md	89	images/01-credit-risk-05-module-plan-crisp.png	The plan of the module, as a table of contents in the notebook	original screenshot	1000x640	PASS	none	PASS	train the models, compare them, and pick the best one.	## Materials		
active	PASS	KEEP	06-trees	02-data-prep.md	40	images/02-data-prep-01-download-data-crisp.png	Downloading CreditScoring.csv and looking at the raw file	original screenshot	1152x570	PASS	none	PASS	with `head`:	```text		
active	PASS	KEEP	06-trees	02-data-prep.md	93	images/02-data-prep-02-decode-status-crisp.png	Decoding the status column with a dictionary and map	original screenshot	1152x570	PASS	none	PASS	```	We do the same for the other categorical columns:		
active	PASS	KEEP	06-trees	02-data-prep.md	176	images/02-data-prep-03-encoded-missing-values-crisp.png	The summary statistics show the encoded missing values	original screenshot	1152x570	PASS	none	PASS	"nines. Instead of NaN, ""unknown"" became 99999999."	We replace these values with NaN:		
active	PASS	KEEP	06-trees	02-data-prep.md	189	images/02-data-prep-04-replace-missing-with-nan-crisp.png	After replacing 99999999 with NaN the statistics look realistic	original screenshot	1152x570	PASS	none	PASS	4437) and the maximums become realistic.	## Removing the one unknown status		
active	PASS	KEEP	06-trees	02-data-prep.md	200	images/02-data-prep-05-remove-unknown-status-crisp.png	Filtering out the one customer with unknown status	original screenshot	1152x570	PASS	none	PASS	```	This leaves 4454 rows.		
active	PASS	KEEP	06-trees	02-data-prep.md	220	images/02-data-prep-06-train-val-test-split-crisp.png	The two-step split and resetting the indexes	original screenshot	1152x570	PASS	none	PASS	We reset the indexes so they are fresh and unique in each dataframe:	```python		
active	PASS	KEEP	06-trees	02-data-prep.md	239	images/02-data-prep-07-binary-target-crisp.png	Turning the status column into a binary target	original screenshot	1152x570	PASS	none	PASS	```	Finally, we delete `status` from the dataframes - otherwise we would		
active	PASS	KEEP	06-trees	03-decision-trees.md	37	images/03-decision-trees-01-risk-rules-tree-imagegen.png	The same rules drawn as a tree	conceptual imagegen	1705x923	PASS	none	PASS	their assets: more than 6000 means `ok`, otherwise `default`.	Let's take one customer from the training data and check what the rules		
active	PASS	KEEP	06-trees	03-decision-trees.md	51	images/03-decision-trees-02-assess-risk-crisp.png	Checking the rules on one customer, then importing the model	original screenshot	1152x570	PASS	none	PASS	```	Writing rules by hand doesn't scale. The point of the decision tree		
active	PASS	KEEP	06-trees	03-decision-trees.md	88	images/03-decision-trees-03-training-crisp.png	Turning rows into dictionaries, vectorizing, and fitting the tree	original screenshot	1152x570	PASS	none	PASS	```	And check how it performs on the validation set:		
active	PASS	KEEP	06-trees	03-decision-trees.md	118	images/03-decision-trees-04-overfit-auc-crisp.png	Validation AUC 0.65 versus training AUC 1.0	original screenshot	1152x570	PASS	none	PASS	```	AUC of 1.0 on training but 0.65 on validation: the tree memorized the		
active	PASS	KEEP	06-trees	03-decision-trees.md	126	images/03-decision-trees-05-memorizing-imagegen.png	An overfit tree memorizes each customer with very specific rules	conceptual imagegen	1363x1154	PASS	none	PASS	failing to generalize.	The reason is that we let the tree grow without limits, so it became		
active	PASS	KEEP	06-trees	03-decision-trees.md	185	images/03-decision-trees-06-learned-rules-imagegen.png	The learned tree: first split on records, then job	conceptual imagegen	1704x923	PASS	none	PASS	with records who work part-time as `default` (class 1), and so on.	A tree with a depth of 1 - a single condition - is called a decision		
active	PASS	KEEP	06-trees	03-decision-trees.md	191	images/03-decision-trees-07-decision-stump-imagegen.png	A deep tree versus a decision stump with one split	conceptual imagegen	1364x1153	PASS	none	PASS	possible decision tree.	The question is: how does the learning algorithm decide which		
active	PASS	KEEP	06-trees	04-decision-tree-learning.md	52	images/04-decision-tree-learning-01-best-threshold-crisp.png	A decision stump: one condition, assets > T - but which T?	original screenshot	1000x570	PASS	none	PASS	`assets > T`. The question is: which threshold `T` is the best?	The condition splits the data into two parts: the left side where the		
active	PASS	KEEP	06-trees	04-decision-tree-learning.md	60	images/04-decision-tree-learning-02-candidate-thresholds-crisp.png	Sorting by assets and marking the left and right sides	original screenshot	1000x570	PASS	none	PASS	are:	```python		
active	PASS	KEEP	06-trees	04-decision-tree-learning.md	84	images/04-decision-tree-learning-03-split-t4000-crisp.png	Splitting the toy dataset with T = 4000	original screenshot	1000x570	PASS	none	PASS	right side: three `ok` and one `default`.	For each side we predict the majority class - the most frequent status.		
active	PASS	KEEP	06-trees	04-decision-tree-learning.md	90	images/04-decision-tree-learning-04-misclassification-rate-crisp.png	Left predicts default with 25% mistakes, right predicts ok with 25%	original screenshot	1000x570	PASS	none	PASS	25% (the one `ok` customer), and on the right also 1/4 = 25%.	This mistake rate is called the misclassification rate, and it is one		
active	PASS	KEEP	06-trees	04-decision-tree-learning.md	183	images/04-decision-tree-learning-06-split-algorithm-crisp.png	The split-finding algorithm in pseudocode	original screenshot	910x660	PASS	none	PASS	```	The misclassification rate is not the only impurity measure.	source-faithful screenshot retained; lower source frame is cropped	
active	PASS	KEEP	06-trees	04-decision-tree-learning.md	191	images/04-decision-tree-learning-07-impurity-criteria-crisp.png	Impurity criteria in the scikit-learn documentation	original screenshot	1000x720	PASS	none	PASS	classification here, decision trees can also solve regression problems.	## Stopping criteria		
active	PASS	KEEP	06-trees	04-decision-tree-learning.md	205	images/04-decision-tree-learning-08-stopping-criteria-imagegen.png	The stopping criteria	conceptual imagegen	1473x1068	PASS	none	PASS	- The maximum number of leaves (decision nodes) was reached.	These stopping criteria are what keep a tree from overfitting.		
active	PASS	KEEP	06-trees	05-decision-tree-tuning.md	25	images/05-decision-tree-tuning-01-parameters-crisp.png	The parameters of DecisionTreeClassifier	original screenshot	2820x1710	PASS	none	PASS	customers.	Tuning means selecting the values that give the best score on the		
active	PASS	KEEP	06-trees	05-decision-tree-tuning.md	65	images/05-decision-tree-tuning-02-max-depth-scores-crisp.png	Validation AUC for different values of max_depth	original screenshot	1581x995	PASS	none	PASS	ones.	## Adding min_samples_leaf		
active	PASS	KEEP	06-trees	05-decision-tree-tuning.md	87	images/05-decision-tree-tuning-03-grid-search-crisp.png	Trying all combinations of max_depth and min_samples_leaf	original screenshot	1040x480	PASS	none	PASS	```	Then we put the scores into a dataframe:		
active	PASS	KEEP	06-trees	05-decision-tree-tuning.md	119	images/05-decision-tree-tuning-04-pivot-crisp.png	The pivot table with the best cell, 0.785	original screenshot	1400x940	PASS	none	PASS	```	Even easier to read as a heatmap - the best cell is the lightest one:		
active	PASS	KEEP	06-trees	05-decision-tree-tuning.md	127	images/05-decision-tree-tuning-05-heatmap-crisp.png	The heatmap of AUC values; max_depth=6 and min_samples_leaf=15 wins	original screenshot	1320x840	PASS	none	PASS	```	The best combination is `max_depth=6` and `min_samples_leaf=15`, with		
active	PASS	KEEP	06-trees	05-decision-tree-tuning.md	140	images/05-decision-tree-tuning-07-wider-search-crisp.png	A wider search over more depths shows several close combinations	original screenshot	1440x840	PASS	none	PASS	search and refine it.	## The final tree		
active	PASS	KEEP	06-trees	05-decision-tree-tuning.md	182	images/05-decision-tree-tuning-06-nan-warning-crisp.png	Sorting by AUC puts a row with max_depth=NaN on top	original screenshot	1440x560	PASS	none	PASS	you pick actually control the size of the tree the way you intend.	## Materials		
active	PASS	KEEP	06-trees	06-random-forest.md	26	images/06-random-forest-01-board-of-experts-imagegen.png	Random forest: each expert sees a random subset of features, gives a probability of default, and the final prediction is the average of all probabilities	conceptual imagegen	1495x1052	PASS	none	PASS	more reliable than the opinion of one.	We can do the same with models. Instead of five people, we have five models		
active	PASS	KEEP	06-trees	06-random-forest.md	58	images/06-random-forest-02-random-forest-imagegen.png	A board of three decision trees: each is trained on a different pair of features, and their predictions are averaged	conceptual imagegen	1492x1054	PASS	none	PASS	1/3 (p1 + p2 + p3).	In scikit-learn, random forest lives in the `ensemble` package. Let's take our		
active	PASS	KEEP	06-trees	06-random-forest.md	87	images/06-random-forest-03-auc-vs-trees-crisp.png	Validation AUC against the number of trees: it grows quickly, then stabilizes	original screenshot	4080x3000	PASS	none	PASS	```	The curve grows quickly at the beginning and then stabilizes: after some		
active	PASS	KEEP	06-trees	06-random-forest.md	133	images/06-random-forest-04-tuning-max-depth-crisp.png	Comparing validation AUC for max_depth of 5, 10 and 15: depth 10 gives the best curve	original screenshot	4080x3120	PASS	none	PASS	```	The curves for `max_depth=10` and `max_depth=15` are clearly better than the		
active	PASS	KEEP	06-trees	06-random-forest.md	186	images/06-random-forest-05-tuning-min-samples-leaf-crisp.png	Comparing validation AUC for min_samples_leaf of 1, 3, 5, 10 and 50	original screenshot	4080x3120	PASS	none	PASS	```	The curves with small values - 1, 3 and 5 - are close to each other at the		
active	PASS	KEEP	06-trees	07-boosting.md	27	images/07-boosting-01-boosting-vs-random-forest-imagegen.png	Random forest trains models in parallel; boosting trains them sequentially, each model learning the errors of the previous one	conceptual imagegen	1493x1054	PASS	none	PASS	models in the sequence have learned.	When the models in this sequence are decision trees, the method is called		
active	PASS	KEEP	06-trees	07-boosting.md	32	images/07-boosting-02-gradient-boosting-trees-imagegen.png	Gradient boosting trees: each tree is trained on the errors of the previous model, and the final prediction combines all of them	conceptual imagegen	1496x1051	PASS	none	PASS	gradient boosting trees:	## Installing XGBoost		
active	PASS	KEEP	06-trees	07-boosting.md	187	images/07-boosting-03-train-val-auc-crisp.png	Train AUC grows to one while validation AUC flattens and starts to degrade	original screenshot	4080x3000	PASS	none	PASS	```	The train curve goes to one, while the validation curve quickly stops		
active	PASS	KEEP	06-trees	08-xgb-tuning.md	24	images/08-xgb-tuning-01-parameters-imagegen.png	The three XGBoost parameters to tune: eta is the size of the step, max_depth controls the trees, min_child_weight is the min_samples_leaf of random forest	conceptual imagegen	1529x1029	PASS	none	PASS	`min_samples_leaf` in random forest.	XGBoost has many more parameters - we tune only these three, in this order:		
active	PASS	KEEP	06-trees	08-xgb-tuning.md	81	images/08-xgb-tuning-02-tuning-eta-crisp.png	Comparing validation AUC for eta of 0.3, 1.0, 0.1, 0.05 and 0.01: eta=0.1 reaches the top and stays stable, while eta=1.0 falls below the zoom window	original screenshot	4080x3000	PASS	none	PASS	```	The learning rate controls how fast the model learns. With `eta=1.0` the		
active	PASS	KEEP	06-trees	08-xgb-tuning.md	114	images/08-xgb-tuning-03-max-depth-curves-crisp.png	Validation AUC for max_depth of 6, 3 and 4: depth 3 keeps climbing and stays on top, while deeper trees degrade	original screenshot	3456x2268	PASS	none	PASS	AUC.	## Tuning min_child_weight		
active	PASS	KEEP	06-trees	08-xgb-tuning.md	152	images/08-xgb-tuning-04-min-child-weight-curves-crisp.png	Validation AUC for min_child_weight of 1, 10 and 30: the three curves are close to each other	original screenshot	3519x2268	PASS	none	PASS	keep the default value, `min_child_weight=1`.	## The final model		
active	PASS	KEEP	06-trees	09-final-model.md	19	images/09-final-model-01-comparing-validation-crisp.png	Comparing the three tuned models on the same validation set	original screenshot	1600x900	PASS	none	PASS	validation set.	The tuned decision tree - `max_depth=6` and `min_samples_leaf=15` - gives:		
active	PASS	KEEP	06-trees	09-final-model.md	57	images/09-final-model-02-tuned-random-forest-crisp.png	Tuned random forest with 200 trees, max_depth=10 and min_samples_leaf=3	original screenshot	1600x900	PASS	none	PASS	```	And the tuned XGBoost model - `eta=0.1`, `max_depth=3`,		
active	PASS	KEEP	06-trees	09-final-model.md	88	images/09-final-model-03-xgb-validation-auc-crisp.png	XGBoost validation AUC of 0.836 - the best of the three	original screenshot	1600x900	PASS	none	PASS	```	XGBoost wins with an AUC of about 0.836, ahead of random forest at about		
active	PASS	KEEP	06-trees	09-final-model.md	111	images/09-final-model-04-full-train-prep-crisp.png	Preparing df_full_train for training the final model	original screenshot	1600x900	PASS	none	PASS	```	We turn both `df_full_train` and the test set into feature matrices with a		
active	PASS	KEEP	06-trees	09-final-model.md	127	images/09-final-model-05-feature-matrices-crisp.png	Feature matrices for the full train and test sets	original screenshot	1600x900	PASS	none	PASS	```	```python		
active	PASS	KEEP	06-trees	09-final-model.md	136	images/09-final-model-06-dmatrix-crisp.png	DMatrix objects for the full train and test sets	original screenshot	1600x900	PASS	none	PASS	```	Then we train the final model and look at its AUC on the test data:		
active	PASS	KEEP	06-trees	09-final-model.md	166	images/09-final-model-07-final-test-auc-crisp.png	Training the final model and checking its AUC on the test set	original screenshot	1600x900	PASS	none	PASS	```	The test AUC is about 0.832, close to the 0.836 we saw on validation. There		
active	PASS	KEEP	06-trees	10-summary.md	14	images/10-summary-01-summary-slide-crisp.png	The four main points of the module: decision trees, best splits, random forest, and gradient boosting	original screenshot	1600x900	PASS	none	PASS	customer will default on a loan. On the way we learned four main things.	Decision trees learn if-then-else rules from data. The tree asks a sequence		
active	PASS	KEEP	06-trees	10-summary.md	25	images/10-summary-02-decision-tree-crisp.png	A decision tree asking questions about records, seniority, and job type	original screenshot	1600x900	PASS	none	PASS	scikit-learn.	![An unrestricted tree scores 1.0 on train but only 0.654 on validation](images/10-summary-03-overfitting-auc-crisp.png)		
active	PASS	KEEP	06-trees	10-summary.md	27	images/10-summary-03-overfitting-auc-crisp.png	An unrestricted tree scores 1.0 on train but only 0.654 on validation	original screenshot	1600x900	PASS	none	PASS	![A decision tree asking questions about records, seniority, and job type](images/10-summary-02-decision-tree-crisp.png)	Random forest is a way of combining multiple decision trees: each tree sees		
active	PASS	KEEP	06-trees	10-summary.md	37	images/10-summary-04-random-forest-crisp.png	Several diverse decision trees feed an averaged random forest prediction	original screenshot	1600x900	PASS	none	PASS	effort.	Gradient boosting trains models sequentially instead: each next model is		
active	PASS	KEEP	06-trees	10-summary.md	45	images/10-summary-05-gradient-boosting-crisp.png	Gradient boosting trains models sequentially so each model corrects previous errors	original screenshot	1600x900	PASS	none	PASS	`min_child_weight` and others - so it requires the most attention.	![The XGBoost parameters eta, max_depth, and min_child_weight](images/10-summary-06-xgb-parameters-crisp.png)		
active	PASS	KEEP	06-trees	10-summary.md	47	images/10-summary-06-xgb-parameters-crisp.png	The XGBoost parameters eta, max_depth, and min_child_weight	original screenshot	1600x900	PASS	none	PASS	![Gradient boosting trains models sequentially so each model corrects previous errors](images/10-summary-05-gradient-boosting-crisp.png)	The final XGBoost model reached an AUC of about 0.836 on validation and		
active	PASS	KEEP	06-trees	11-explore-more.md	4	images/11-explore-more-01-ensemble-experiments-imagegen.png	A dataset branches into EDA, feature importance, forests, and boosting before producing new insights.	conceptual imagegen	1672x941	PASS	none	PASS	# Explore more	*Figure: Explore several analyses and ensemble models to learn more from the same data.*		
active	PASS	KEEP	08-deep-learning	01-fashion-classification.md	19	images/01-fashion-classification-01-tabular-vs-images-imagegen.png	Tabular data from a CSV file versus an image of a t-shirt	conceptual imagegen	1445x1088	PASS	none	PASS	regression and tree-based models are all made for data like this.	This week the data is different. Instead of a table, we have images -		
active	PASS	KEEP	08-deep-learning	01-fashion-classification.md	34	images/01-fashion-classification-02-upload-service-imagegen.png	A user uploads a picture of a t-shirt to the website	conceptual imagegen	1444x1089	PASS	none	PASS	listing in the fashion category and upload a picture of it.	On the backend we have a fashion classification service. It takes the		
active	PASS	KEEP	08-deep-learning	01-fashion-classification.md	51	images/01-fashion-classification-03-clothing-dataset-crisp.png	The clothing dataset on GitHub: over 5,000 images of 20 different classes	original screenshot	3000x2160	PASS	none	PASS	images of 20 different classes.	We will not use all 20 classes. There is a smaller dataset, a subset		
active	PASS	KEEP	08-deep-learning	01-fashion-classification.md	62	images/01-fashion-classification-04-dataset-small-train-crisp.png	The train folder of the small dataset with ten category folders	original screenshot	3000x2160	PASS	none	PASS	t-shirt. Each folder contains the images of that category.	To get the data, clone the repository with the subset:		
active	PASS	KEEP	08-deep-learning	01-fashion-classification.md	88	images/01-fashion-classification-05-cs231n-crisp.png	The CS231n course website	original screenshot	3000x2160	PASS	none	PASS	read.	## The plan		
active	PASS	KEEP	08-deep-learning	01-fashion-classification.md	107	images/01-fashion-classification-06-notebook-plan-crisp.png	The module notebook: fashion classification, dataset links and TensorFlow/Keras	original screenshot	3000x2160	PASS	none	PASS	structure. This is how it starts:	And this is the second half of the plan: adding more layers,		
active	PASS	KEEP	08-deep-learning	01-fashion-classification.md	113	images/01-fashion-classification-07-notebook-plan-2-crisp.png	The module notebook: data augmentation and training a larger model	original screenshot	3000x2160	PASS	none	PASS	299x299 model:	There are 13 videos in this module. Let's get started.		
active	PASS	KEEP	08-deep-learning	02-tensorflow-keras.md	24	images/02-tensorflow-keras-01-keras-inside-tensorflow-imagegen.png	Keras is a high-level library inside TensorFlow	conceptual imagegen	1445x1088	PASS	none	PASS	TensorFlow:	Keras used to be a separate library, but it got absorbed into		
active	PASS	KEEP	08-deep-learning	02-tensorflow-keras.md	46	images/02-tensorflow-keras-02-install-tensorflow-crisp.png	Installing TensorFlow with conda from a notebook cell	original screenshot	3000x2160	PASS	none	PASS	```	If you don't have a GPU on your computer, this is all you need. With a		
active	PASS	KEEP	08-deep-learning	02-tensorflow-keras.md	65	images/02-tensorflow-keras-03-imports-crisp.png	Importing TensorFlow and Keras	original screenshot	3000x2160	PASS	none	PASS	```	## Loading an image		
active	PASS	KEEP	08-deep-learning	02-tensorflow-keras.md	82	images/02-tensorflow-keras-04-load-img-import-crisp.png	Importing load_img from tensorflow.keras.preprocessing.image	original screenshot	3000x2160	PASS	none	PASS	should work without changes.	Let's load a t-shirt from the train folder. We build the path with an		
active	PASS	KEEP	08-deep-learning	02-tensorflow-keras.md	102	images/02-tensorflow-keras-05-image-sizes-imagegen.png	Common input sizes for neural networks: 299x299 and 224x224	conceptual imagegen	1445x1088	PASS	none	PASS	299x299, 224x224, or smaller ones like 150x150:	If we have an image of a different size, we need to resize it to one		
active	PASS	KEEP	08-deep-learning	02-tensorflow-keras.md	112	images/02-tensorflow-keras-06-load-img-crisp.png	Loading the t-shirt image resized to 150x150	original screenshot	3000x2160	PASS	none	PASS	```	The library behind this is PIL - the Python Imaging Library. It's what		
active	PASS	KEEP	08-deep-learning	02-tensorflow-keras.md	124	images/02-tensorflow-keras-07-rgb-channels-imagegen.png	An image as three channels; the green channel is a grid of numbers from 0 to 255	conceptual imagegen	1445x1088	PASS	none	PASS	number between 0 and 255 - that's one byte:	Each pixel combines three values: one from the red channel, one from		
active	PASS	KEEP	08-deep-learning	02-tensorflow-keras.md	146	images/02-tensorflow-keras-08-numpy-array-crisp.png	The image as a NumPy array; each row holds the R, G and B values of one pixel	original screenshot	3000x2160	PASS	none	PASS	150x150 of them.	"The dtype is `uint8`. ""u"" means unsigned - the values go from 0 to"		
active	PASS	KEEP	08-deep-learning	03-pretrained-models.md	25	images/03-pretrained-models-02-imagenet-crisp.png	The ImageNet website: 1000 classes, over a million training images	original screenshot	3000x2160	PASS	none	PASS	the training set, 50,000 in validation and 100,000 in test:	We will not download it - it's huge. It contains all sorts of animals,		
active	PASS	KEEP	08-deep-learning	03-pretrained-models.md	36	images/03-pretrained-models-01-keras-applications-crisp.png	The Keras Applications page lists pre-trained models with size, accuracy, parameters and speed	original screenshot	3000x2160	PASS	none	PASS	results are the models on the Keras Applications page:	There are different kinds of models - Xception, VGG, ResNet and many		
active	PASS	KEEP	08-deep-learning	03-pretrained-models.md	54	images/03-pretrained-models-03-sagemaker-gpu-crisp.png	An Amazon SageMaker notebook instance with a GPU	original screenshot	3000x2160	PASS	none	PASS	I created an instance there - this instance type has a GPU:	A GPU is needed if you want to run things faster. You can run on your		
active	PASS	KEEP	08-deep-learning	03-pretrained-models.md	88	images/03-pretrained-models-04-xception-model-crisp.png	Loading the image at 299x299 and creating the Xception model	original screenshot	3000x2160	PASS	none	PASS	- so we also load our t-shirt image with `target_size=(299, 299)`:	The first time you run this, it downloads the model from the internet		
active	PASS	KEEP	08-deep-learning	03-pretrained-models.md	93	images/03-pretrained-models-05-xception-weights-download-crisp.png	Creating the Xception model downloads the pre-trained weights	original screenshot	3000x2160	PASS	none	PASS	and unpacks it, so it takes some time:	Now we want to use this model to classify the image of the t-shirt.		
active	PASS	KEEP	08-deep-learning	03-pretrained-models.md	108	images/03-pretrained-models-06-batch-shape-crisp.png	The batch X has shape (1, 299, 299, 3) - one image	original screenshot	3000x2160	PASS	none	PASS	in this array, and the shape would be `(3, 299, 299, 3)`:	## Preprocessing		
active	PASS	KEEP	08-deep-learning	03-pretrained-models.md	125	images/03-pretrained-models-07-preprocess-input-crisp.png	After preprocess_input the pixel values are between -1 and 1	original screenshot	3000x2160	PASS	none	PASS	and 255 - they are converted to numbers between -1 and 1:	We have to do this if we want the model to function correctly, because		
active	PASS	KEEP	08-deep-learning	03-pretrained-models.md	152	images/03-pretrained-models-08-decode-predictions-crisp.png	The decoded predictions: jersey, bulletproof vest, sweatshirt, maillot, velvet	original screenshot	3000x2160	PASS	none	PASS	```	The top class is jersey with probability 0.68. Jersey is an item of		
active	PASS	KEEP	08-deep-learning	04-conv-neural-nets.md	22	images/04-conv-neural-nets-01-cnn-overview-imagegen.png	Image goes into a CNN with many layers and comes out as a prediction	conceptual imagegen	1585x992	PASS	none	PASS	and it outputs a prediction: this is a t-shirt.	Inside the box there are layers - layer one, layer two, and so on,		
active	PASS	KEEP	08-deep-learning	04-conv-neural-nets.md	50	images/04-conv-neural-nets-02-feature-map-imagegen.png	Sliding a filter across the image and recording the similarity at each position gives a feature map	conceptual imagegen	1537x1023	PASS	none	PASS	array is called a feature map:	The feature map is the result of applying one filter to an image: we		
active	PASS	KEEP	08-deep-learning	04-conv-neural-nets.md	61	images/04-conv-neural-nets-03-one-feature-map-per-filter-imagegen.png	The image and three filters produce a stack of feature maps - one per filter	conceptual imagegen	1413x1113	PASS	none	PASS	it produces six feature maps - one feature map per filter:	So the input of a convolutional layer is the image, and the output is		
active	PASS	KEEP	08-deep-learning	04-conv-neural-nets.md	74	images/04-conv-neural-nets-04-chained-conv-layers-imagegen.png	Chained convolutional layers: 6 filters produce 6 feature maps, then 12 filters produce 12 feature maps	conceptual imagegen	1672x941	PASS	none	PASS	first layer, and produces its own feature maps:	Here the first layer has 6 filters and produces 6 feature maps, the		
active	PASS	KEEP	08-deep-learning	04-conv-neural-nets.md	111	images/04-conv-neural-nets-05-vector-representation-imagegen.png	The image (299x299x3) goes through convolutional layers and comes out as a vector of 2048 numbers	conceptual imagegen	1412x1114	PASS	none	PASS	The result of this is a vector representation of the image:	If the input image is 299x299x3, the vector representation could be		
active	PASS	KEEP	08-deep-learning	04-conv-neural-nets.md	139	images/04-conv-neural-nets-06-logistic-regression-crisp.png	Each element of x is multiplied by its weight, everything is summed, and sigmoid turns the sum into a probability	original screenshot	2670x2160	PASS	none	PASS	is the probability that x is a t-shirt:	Concretely: the elements of x are x1, x2, x3, up to xn. We multiply		
active	PASS	KEEP	08-deep-learning	04-conv-neural-nets.md	163	images/04-conv-neural-nets-07-dense-layer-imagegen.png	A dense layer connects each element of the input with each element of the output	conceptual imagegen	1414x1112	PASS	none	PASS	vector representation, and the output is the predictions:	"It's called ""dense"" because each element of the input is connected to"		
active	PASS	KEEP	08-deep-learning	04-conv-neural-nets.md	185	images/04-conv-neural-nets-08-summary-imagegen.png	The summary: convolutional layers, then the vector representation, then dense layers, then the prediction	conceptual imagegen	1405x1119	PASS	none	PASS	select the one with the highest value, and hopefully it's t-shirt:	That's the whole picture. Of course, here I only scratched the surface		
active	PASS	KEEP	08-deep-learning	04-conv-neural-nets.md	246	https://github.com/user-attachments/assets/3cfca38d-56bd-4a51-a3ce-70d8c071d4c8	HTML img	external diagram	remote	PASS	none	PASS	* stride: How many pixels the filter moves each step. Default is 1.	* padding: Number of pixels added around the input to control output size. Default is 0.	remote diagram matches surrounding stride/padding explanation	HTTP 200 (verified)
active	PASS	KEEP	08-deep-learning	04-conv-neural-nets.md	248	https://github.com/user-attachments/assets/5465dc2e-402d-41c9-a6fb-3ecfdc384796	HTML img	external diagram	remote	PASS	none	PASS	* padding: Number of pixels added around the input to control output size. Default is 0.	Output size after Conv2d image	remote diagram matches surrounding stride/padding explanation	HTTP 200 (verified)
active	PASS	KEEP	08-deep-learning	04-conv-neural-nets.md	248	https://github.com/user-attachments/assets/c8a57bb4-c454-4169-b18c-41b79449bbe6	HTML img	external diagram	remote	PASS	none	PASS	* padding: Number of pixels added around the input to control output size. Default is 0.	Output size after Conv2d image	remote diagram matches surrounding stride/padding explanation	HTTP 200 (verified)
active	PASS	KEEP	08-deep-learning	05-transfer-learning.md	36	images/05-transfer-learning-01-transfer-learning-idea-imagegen.png	The convolutional layers are generic and stay; the dense layers are specific to ImageNet and get replaced	conceptual imagegen	1619x971	PASS	none	PASS	even exist in ImageNet.	So the plan is:		
active	PASS	KEEP	08-deep-learning	05-transfer-learning.md	91	images/05-transfer-learning-02-found-3068-images-crisp.png	The train generator found 3068 images belonging to 10 classes	original screenshot	3000x2160	PASS	none	PASS	3068 images belonging to 10 classes:	We can look at which classes it found with `train_ds.class_indices`:		
active	PASS	KEEP	08-deep-learning	05-transfer-learning.md	95	images/05-transfer-learning-03-class-indices-one-hot-crisp.png	The class indices: dress, hat, longsleeve, outwear, pants, shirt, shoes, shorts, skirt, t-shirt	original screenshot	3000x2160	PASS	none	PASS	We can look at which classes it found with `train_ds.class_indices`:	The first class is dress, then hat, longsleeve, outwear, pants, and so		
active	PASS	KEEP	08-deep-learning	05-transfer-learning.md	147	images/05-transfer-learning-04-validation-341-crisp.png	The validation generator finds 341 images; below it, the Xception base model	original screenshot	3000x2160	PASS	none	PASS	we can already start writing the base model:	## Building the model		
active	PASS	KEEP	08-deep-learning	05-transfer-learning.md	214	images/05-transfer-learning-05-pooling-vectors-crisp.png	Pooling: the 5x5x2048 output of the base model becomes one vector per image	original screenshot	2736x2022	PASS	none	PASS	take the average of each square, and put that average into the vector:	Taking something and representing it in a smaller dimensionality is		
active	PASS	KEEP	08-deep-learning	05-transfer-learning.md	239	images/05-transfer-learning-06-dense-10-outputs-crisp.png	The dense layer with 10 outputs; the predictions have shape (32, 10)	original screenshot	3000x2160	PASS	none	PASS	```	So the whole picture: the t-shirt image goes to inputs, from there to		
active	PASS	KEEP	08-deep-learning	05-transfer-learning.md	341	images/05-transfer-learning-07-training-output-crisp.png	Training output: loss goes down and accuracy grows on train, validation accuracy shown after each epoch	original screenshot	3000x2160	PASS	none	PASS	variable.	Now training works: the accuracy on train grows, the loss goes down.		
active	PASS	KEEP	08-deep-learning	05-transfer-learning.md	357	images/05-transfer-learning-08-history-plot-crisp.png	Train accuracy almost reaches 1.0 while validation accuracy oscillates around 0.80	original screenshot	3000x2160	PASS	none	PASS	rest of the iterations - sometimes it jumps up, sometimes down.	With just these parameters - no tuning - we already have a reasonably		
active	PASS	KEEP	08-deep-learning	06-learning-rate.md	49	images/06-learning-rate-01-book-analogy-imagegen.png	The book analogy: reading fast is a high learning rate and validates poorly (overfit), reading slowly is a low learning rate and also validates poorly (underfit)	conceptual imagegen	1444x1089	PASS	none	PASS	to find the right balance.	## Wrapping the model in a function		
active	PASS	KEEP	08-deep-learning	06-learning-rate.md	90	images/06-learning-rate-02-make-model-crisp.png	The make_model function: the base model, the new top, and the optimizer/loss/compile part	original screenshot	3000x2160	PASS	none	PASS	```	Inside, everything is exactly what we had before: the base model with		
active	PASS	KEEP	08-deep-learning	06-learning-rate.md	121	images/06-learning-rate-03-scores-loop-crisp.png	The training loop: one model per learning rate, the histories stored in the scores dictionary	original screenshot	3000x2160	PASS	none	PASS	```	We try `0.0001` and `0.001` - smaller than the `0.01` we used before -		
active	PASS	KEEP	08-deep-learning	06-learning-rate.md	146	images/06-learning-rate-04-train-accuracy-crisp.png	Training accuracy for the four learning rates: 0.0001 is the slow blue curve at the bottom	original screenshot	3000x2160	PASS	none	PASS	others are higher.	Now the same for validation:		
active	PASS	KEEP	08-deep-learning	06-learning-rate.md	162	images/06-learning-rate-05-val-accuracy-crisp.png	Validation accuracy for the four learning rates: the slow 0.0001 curve is still catching up	original screenshot	3000x2160	PASS	none	PASS	compare only `0.001` and `0.01`:	```python		
active	PASS	KEEP	08-deep-learning	06-learning-rate.md	169	images/06-learning-rate-06-two-lr-validation-crisp.png	Validation accuracy for 0.001 and 0.01 after deleting the other two learning rates from scores	original screenshot	3000x2160	PASS	none	PASS	```	`0.001` is better on validation in general - it's better in all cases		
active	PASS	KEEP	08-deep-learning	06-learning-rate.md	184	images/06-learning-rate-07-select-001-crisp.png	Comparing train and validation curves for 0.001 and 0.01: the gap is bigger for 0.01	original screenshot	3000x2160	PASS	none	PASS	```	It turns out `0.01` is better on the training data, but worse on		
active	PASS	KEEP	08-deep-learning	07-checkpointing.md	22	images/07-checkpointing-01-oscillation-crisp.png	The validation accuracy of the tuned model reaches 82.5% around epoch 8 and ends at 82%	original screenshot	3000x2160	PASS	none	PASS	for 10 epochs we end up with a model that's a bit worse - around 82%.	The model at epoch 8 is sweeter - it can identify some of the pictures		
active	PASS	KEEP	08-deep-learning	07-checkpointing.md	44	images/07-checkpointing-02-callbacks-imagegen.png	After each epoch the model is evaluated on validation, and then callbacks are invoked	conceptual imagegen	1508x1043	PASS	none	PASS	`ModelCheckpoint`.	## Saving a model		
active	PASS	KEEP	08-deep-learning	07-checkpointing.md	87	images/07-checkpointing-03-filename-template-crisp.png	Filling the filename template with format produces xception_v1_12_0.840.h5	original screenshot	3000x2160	PASS	none	PASS	disk will be called `xception_v1_03_0.836.h5`.	Then `save_best_only`. Say after the first epoch the validation		
active	PASS	KEEP	08-deep-learning	07-checkpointing.md	98	images/07-checkpointing-04-save-best-only-imagegen.png	The save_best_only drawing: the model is saved on improvements and skipped when the accuracy is worse than the best	conceptual imagegen	1508x1043	PASS	none	PASS	`True`, we save only when there's an improvement.	To decide whether the model improved, the callback needs to know which		
active	PASS	KEEP	08-deep-learning	07-checkpointing.md	127	images/07-checkpointing-05-checkpoint-and-fit-crisp.png	The ModelCheckpoint cell and the fit call with the callbacks parameter	original screenshot	3000x2160	PASS	none	PASS	```	While this trains, we can watch the folder: every time the validation		
active	PASS	KEEP	08-deep-learning	07-checkpointing.md	135	images/07-checkpointing-06-checkpoint-files-crisp.png	Checkpoint files created during training: one file per improvement	original screenshot	3000x2160	PASS	none	PASS	improvement adds a file.	The improvements continue up to epoch 6. Epoch 7 is half a percent		
active	PASS	KEEP	08-deep-learning	07-checkpointing.md	149	images/07-checkpointing-07-best-model-crisp.png	Keeping only the best checkpoint: xception_v1_06_0.836.h5	original screenshot	3000x2160	PASS	none	PASS	rate we tuned.	In the next lesson we will increment the version - v1 becomes v2 - by		
active	PASS	KEEP	08-deep-learning	08-more-layers.md	28	images/08-more-layers-01-inner-layer-diagram-imagegen.png	The diagram with an inner dense layer between the vector representation and the output	conceptual imagegen	1536x1024	PASS	none	PASS	transformation.	Each activation takes the raw scores coming out of a dense layer and		
active	PASS	KEEP	08-deep-learning	08-more-layers.md	39	images/08-more-layers-02-activation-functions-crisp.png	The CS231n notes on the ReLU activation function: f(x) = max(0, x)	original screenshot	2880x2160	PASS	none	PASS	[CS231n course notes](http://cs231n.stanford.edu/2017/).	Here's the updated `make_model` function - the only change is the		
active	PASS	KEEP	08-deep-learning	08-more-layers.md	80	images/08-more-layers-03-relu-in-code-crisp.png	The notebook with the inner layer: Dense(size_inner, activation='relu') between the vectors and the output	original screenshot	3000x2082	PASS	none	PASS	```	The inner layer size is a hyperparameter, like the learning rate. We		
active	PASS	KEEP	08-deep-learning	08-more-layers.md	103	images/08-more-layers-04-tuning-sizes-crisp.png	The tuning loop: training models with inner layer sizes 10, 100 and 1000	original screenshot	3000x2082	PASS	none	PASS	```	While the models train, we can check that the GPU is actually being		
active	PASS	KEEP	08-deep-learning	08-more-layers.md	109	images/08-more-layers-05-nvidia-smi-crisp.png	nvidia-smi showing a Tesla K80 GPU at 95% utilization during training	original screenshot	3300x1794	PASS	none	PASS	command-line utility from NVIDIA that shows GPU utilization:	Here the GPU is utilized at 95%, so we're using it effectively. If		
active	PASS	KEEP	08-deep-learning	08-more-layers.md	128	images/08-more-layers-06-val-accuracy-plot-crisp.png	Validation accuracy for sizes 10, 100 and 1000: all close, no clear winner	original screenshot	3000x2082	PASS	none	PASS	```	The curves for all three sizes are close to each other: validation		
active	PASS	KEEP	08-deep-learning	09-dropout.md	25	images/09-dropout-01-motivation-logo-imagegen.png	A t-shirt with a logo: training for 10 epochs means the model sees this image 10 times	conceptual imagegen	1696x927	PASS	none	PASS	bigger picture: the shape of the item, not the details.	## The dropout idea		
active	PASS	KEEP	08-deep-learning	09-dropout.md	35	images/09-dropout-02-hiding-input-imagegen.png	What if we could randomly hide a part of the input - the same shirt with different parts covered	conceptual imagegen	1024x1536	PASS	none	PASS	twice.	Take a dense layer with 4 inputs and 3 outputs. With dropout,		
active	PASS	KEEP	08-deep-learning	09-dropout.md	43	images/09-dropout-03-frozen-neuron-imagegen.png	The inner layer with one neuron frozen for this training step - its connections don't get updated	conceptual imagegen	1693x929	PASS	none	PASS	parts, including the frozen ones.	The `droprate` parameter controls how much is hidden: with		
active	PASS	KEEP	08-deep-learning	09-dropout.md	90	images/09-dropout-04-v3-diagram-imagegen.png	Version 3 of the model: vectors, inner Dense(100), dropout, Dense(10) outputs	conceptual imagegen	1817x866	PASS	none	PASS	```	## Experimenting with droprate		
active	PASS	KEEP	08-deep-learning	09-dropout.md	127	images/09-dropout-05-tuning-dropout-crisp.png	The tuning loop: training models with dropout rates 0.0, 0.2, 0.5 and 0.8 for 30 epochs	original screenshot	3000x2076	PASS	none	PASS	last one.	Looking at the results: without dropout, training accuracy quickly		
active	PASS	KEEP	08-deep-learning	09-dropout.md	137	images/09-dropout-07-dropout-02-vs-train-crisp.png	Dropout 0.2: validation accuracy peaks slightly above 0.84 and then oscillates around 0.83	original screenshot	3000x2076	PASS	none	PASS	of the previous unit.	One caveat: the single spike of the 0.5 curve to 0.85 looks more like		
active	PASS	KEEP	08-deep-learning	09-dropout.md	154	images/09-dropout-06-val-accuracy-dropout-crisp.png	Validation accuracy for the four dropout rates: 0.8 is the worst, two spikes reach almost 0.85	original screenshot	3000x2076	PASS	none	PASS	```	It also helps to zoom in on the two curves with the best validation		
active	PASS	KEEP	08-deep-learning	09-dropout.md	169	images/09-dropout-08-no-regularization-overfit-crisp.png	Dropout 0.0: the training accuracy quickly reaches 100% while validation stays around 0.84	original screenshot	3000x2076	PASS	none	PASS	```	In the end, `droprate=0.2` is the choice: it's not too large, the		
active	PASS	KEEP	08-deep-learning	10-augmentation.md	15	images/10-augmentation-01-generate-more-images-imagegen.png	Data augmentation: from one t-shirt image we generate more different images	conceptual imagegen	1774x887	PASS	none	PASS	exactly the same form.	## What augmentations look like		
active	PASS	KEEP	08-deep-learning	10-augmentation.md	27	images/10-augmentation-02-flip-rotation-shift-grids-crisp.png	The same shirt flipped horizontally, vertically and both, and rotated and shifted by different amounts	original screenshot	3000x2088	PASS	none	PASS	- changing brightness and contrast	![Zooming: zoom_x and zoom_y values from 0.25 to 4 applied to the same shirt](images/10-augmentation-03-zoom-grid-crisp.png)		
active	PASS	KEEP	08-deep-learning	10-augmentation.md	29	images/10-augmentation-03-zoom-grid-crisp.png	Zooming: zoom_x and zoom_y values from 0.25 to 4 applied to the same shirt	original screenshot	3000x2088	PASS	none	PASS	![The same shirt flipped horizontally, vertically and both, and rotated and shifted by different amounts](images/10-augmentation-02-flip-rotation-shift-grids-crisp.png)	The idea is similar to the dropout picture from the previous unit:		
active	PASS	KEEP	08-deep-learning	10-augmentation.md	51	images/10-augmentation-04-keras-parameters-crisp.png	The same parameters in Keras: rotation_range=30, width and height shift 10, shear, zoom_range=0.1, flips	original screenshot	3000x2082	PASS	none	PASS	```	## One important detail (and a bug in the video)		
active	PASS	KEEP	08-deep-learning	10-augmentation.md	129	images/10-augmentation-05-nvidia-smi-cpu-bound-crisp.png	nvidia-smi during augmented training: GPU utilization down to 61%	original screenshot	3300x1782	PASS	none	PASS	well below the 95% we saw before:	![The result: training accuracy keeps growing to about 0.95 while validation stays around 0.70-0.77](images/10-augmentation-06-val-stuck-077-crisp.png)		
active	PASS	KEEP	08-deep-learning	10-augmentation.md	131	images/10-augmentation-06-val-stuck-077-crisp.png	The result: training accuracy keeps growing to about 0.95 while validation stays around 0.70-0.77	original screenshot	3000x2082	PASS	none	PASS	![nvidia-smi during augmented training: GPU utilization down to 61%](images/10-augmentation-05-nvidia-smi-cpu-bound-crisp.png)	## How to select augmentations		
active	PASS	KEEP	08-deep-learning	11-large-model.md	22	images/11-large-model-01-input-size-parameter-crisp.png	The notebook with make_model: the input size becomes a parameter, used in both input shapes	original screenshot	3000x2082	PASS	none	PASS	model. The default of 150 keeps the old behaviour:	```python		
active	PASS	KEEP	08-deep-learning	11-large-model.md	75	images/11-large-model-02-generators-shear-zoom-flip-crisp.png	The train generator with shear_range=10, zoom_range=0.1 and horizontal_flip=True	original screenshot	3000x2082	PASS	none	PASS	shear, a small zoom and a horizontal flip:	```python		
active	PASS	KEEP	08-deep-learning	11-large-model.md	111	images/11-large-model-03-checkpoint-callback-crisp.png	The checkpoint callback saving xception_v4_1 models by validation accuracy	original screenshot	3000x2082	PASS	none	PASS	the epoch and the validation accuracy:	```python		
active	PASS	KEEP	08-deep-learning	11-large-model.md	136	images/11-large-model-04-first-run-step-time-crisp.png	The first run: one step now takes about 700ms instead of 150ms, and validation accuracy is already 0.85 after the first epoch	original screenshot	3000x2082	PASS	none	PASS	droprate 0.2, and 50 epochs:	```python		
active	PASS	KEEP	08-deep-learning	11-large-model.md	163	images/11-large-model-05-training-output-crisp.png	Training output: training accuracy grows past 0.94 while validation stays around 0.86-0.89	original screenshot	3000x2082	PASS	none	PASS	epoch, so it memorizes them less easily.	The best checkpoint of this run is `xception_v4_1_13_0.903.h5` -		
active	PASS	KEEP	08-deep-learning	11-large-model.md	168	images/11-large-model-06-checkpoint-files-crisp.png	The saved checkpoints: the best one is xception_v4_1_13_0.903.h5	original screenshot	3300x1782	PASS	none	PASS	0.903 validation accuracy at epoch 13:	In all the experiments before,		
active	PASS	KEEP	08-deep-learning	12-using-model.md	36	images/12-using-model-01-fresh-notebook-imports-crisp.png	A fresh notebook: importing TensorFlow, Keras, ImageDataGenerator, load_img and preprocess_input	original screenshot	3000x2082	PASS	none	PASS	```	First we prepare the test set with the same preprocessing as for		
active	PASS	KEEP	08-deep-learning	12-using-model.md	75	images/12-using-model-02-load-model-evaluate-crisp.png	Loading xception_v4_1_13_0.903.h5 and evaluating it: about 0.90 accuracy on the test set	original screenshot	3000x2082	PASS	none	PASS	```	The test accuracy is about 90%, very close to the 0.903 validation		
active	PASS	KEEP	08-deep-learning	12-using-model.md	98	images/12-using-model-03-load-img-pants-crisp.png	Loading the image: the result of load_img is a picture of pants resized to 299x299	original screenshot	3000x2082	PASS	none	PASS	```	```python		
active	PASS	KEEP	08-deep-learning	12-using-model.md	112	images/12-using-model-04-numpy-batch-shape-crisp.png	Turning the image into a numpy array and putting it into a batch: the shape is (1, 299, 299, 3)	original screenshot	3000x2082	PASS	none	PASS	The shape is `(1, 299, 299, 3)` - a batch with one image:	Then:		
active	PASS	KEEP	08-deep-learning	12-using-model.md	156	images/12-using-model-05-classes-prediction-zip-crisp.png	Zipping the class names with the predictions: pants has the highest score	original screenshot	3000x2082	PASS	none	PASS	```	The highest score is pants (9.29), followed by shorts (3.43) - and		
active	PASS	KEEP	08-deep-learning	13-summary.md	9	images/13-summary-01-use-case-diagram-imagegen.png	The use case of this module: a user uploads an image, the fashion classification service puts it into one of ten categories	conceptual imagegen	1774x887	PASS	none	PASS	over the past lessons.	We started from a pre-trained model - Xception, trained on ImageNet -		
active	PASS	KEEP	08-deep-learning	13-summary.md	30	images/13-summary-03-explore-more-crisp.png	The notebook recap: the summary bullets and the explore-more ideas	original screenshot	3000x2040	PASS	none	PASS	- To avoid overfitting, use dropout and augmentation	The result of all this is a model that classifies clothes with about		
active	PASS	KEEP	08-deep-learning	13-summary.md	36	images/13-summary-02-final-predictions-crisp.png	The predictions we ended up with: zipping the class names with the model scores	original screenshot	3000x2082	PASS	none	PASS	load and use anywhere.	If you want to go further, the video mentions a few directions:		
active	PASS	KEEP	08-deep-learning	14-explore-more.md	5	images/14-explore-more-01-learning-paths-imagegen.png	An image dataset can be explored through augmentation, alternative architectures, or new datasets before training and classification.	conceptual imagegen	1672x941	PASS	none	PASS	**TODO**	*Figure: Different data and model choices create new paths to the same classification goal.*		
active	PASS	KEEP	08-deep-learning	install.md	9	images/install-01-gpu-stack-imagegen.png	The installation stack moves from a Windows host through WSL2, CUDA and cuDNN, and TensorFlow to a GPU verification check.	conceptual imagegen	1672x941	PASS	none	PASS	Also, welcome to edit and make corrections directly (via PRs) or let me know via Slack.	*Figure: Install the GPU-enabled stack in layers, then verify that TensorFlow can access the GPU.*		
active	PASS	KEEP	09-serverless	01-intro.md	25	images/01-intro-01-clothes-classification-use-case-imagegen.png	"Clothes classification use case: a user uploads a photo of pants, the website sends it to the clothes classification service, and the service replies ""pants"""	conceptual imagegen	1536x1024	PASS	none	PASS	"you're trying to sell pants, so we'll put it in the pants category."""	In the previous session we covered the training part of this pipeline.		
active	PASS	KEEP	09-serverless	01-intro.md	44	images/01-intro-02-aws-lambda-deployment-imagegen.png	We send the picture URL to the model deployed on AWS Lambda, and it replies with classes and scores	conceptual imagegen	1691x930	PASS	none	PASS	with a score. This is what we respond with to the user.	Inside Lambda we won't use plain TensorFlow. We will use TensorFlow		
active	PASS	KEEP	09-serverless	01-intro.md	51	images/01-intro-03-lambda-uses-tf-lite-imagegen.png	The Lambda function uses TensorFlow Lite internally to score the picture	conceptual imagegen	1835x857	PASS	none	PASS	later in the module.	## The plan		
active	PASS	KEEP	09-serverless	01-intro.md	57	images/01-intro-04-module-plan-crisp.png	The module plan: deploy the clothes classification model trained previously	original screenshot	3000x2016	PASS	none	PASS	Here's what we'll cover in this module:	- What AWS Lambda actually is, and how it differs from other approaches		
active	PASS	KEEP	09-serverless	01-intro.md	69	images/01-intro-05-module-plan-lambda-gateway-crisp.png	The plan continues: creating the lambda function and exposing it with API Gateway	original screenshot	3000x2016	PASS	none	PASS	- Exposing the Lambda function as a web service using API Gateway	That's the plan. In the next lesson we start with AWS Lambda: what it		
active	PASS	KEEP	09-serverless	02-aws-lambda.md	17	images/02-aws-lambda-01-search-lambda-crisp.png	"Searching for Lambda in the AWS console: ""Lambda - Run Code without Thinking about Servers"""	original screenshot	3000x1896	PASS	none	PASS	"see its promise - ""Run code without thinking about servers""."	That's the main promise of Lambda. All we need to do is write some		
active	PASS	KEEP	09-serverless	02-aws-lambda.md	41	images/02-aws-lambda-02-create-function-crisp.png	The create function form: name mlzoomcamp-test, runtime Python 3.9, x86_64 architecture	original screenshot	3000x1896	PASS	none	PASS	"so click ""Create function""."	## The lambda handler		
active	PASS	KEEP	09-serverless	02-aws-lambda.md	67	images/02-aws-lambda-03-pong-handler-crisp.png	"The edited handler: print the parameters and return ""PONG"" - the changes are not deployed yet"	original screenshot	3000x1896	PASS	none	PASS	we can access it and do whatever we want with it.	## Testing the function		
active	PASS	KEEP	09-serverless	02-aws-lambda.md	81	images/02-aws-lambda-04-test-pong-response-crisp.png	"After deploying: the response is ""PONG"" and the function logs show the printed event"	original screenshot	3288x1566	PASS	none	PASS	also the parameters we printed: the contents of the test event.	Now let's make the event closer to what we want for our image		
active	PASS	KEEP	09-serverless	02-aws-lambda.md	109	images/02-aws-lambda-05-pants-response-crisp.png	"The test response: {""prediction"": ""pants""}"	original screenshot	3288x1566	PASS	none	PASS	write some code, deploy it, and test it - no EC2 instances, no servers.	![The final handler code: read the URL from the event, call predict, return the results](images/02-aws-lambda-06-final-handler-code-crisp.png)		
active	PASS	KEEP	09-serverless	02-aws-lambda.md	111	images/02-aws-lambda-06-final-handler-code-crisp.png	The final handler code: read the URL from the event, call predict, return the results	original screenshot	3288x1566	PASS	none	PASS	"![The test response: {""prediction"": ""pants""}](images/02-aws-lambda-05-pants-response-crisp.png)"	## Serverless vs serverful		
active	PASS	KEEP	09-serverless	02-aws-lambda.md	127	images/02-aws-lambda-07-serverless-vs-serverful-imagegen.png	The hand-drawn picture: traffic (and cost) during the day, but no requests and no cost at night	conceptual imagegen	1660x948	PASS	none	PASS	don't pay any money.	By the way, when you no longer need a function, deleting it is easy:		
active	PASS	KEEP	09-serverless	02-aws-lambda.md	146	images/02-aws-lambda-08-invite-link-function-crisp.png	The join-datatalks-club lambda function with its API Gateway trigger	original screenshot	3000x1896	PASS	none	PASS	I only pay per request.	Actually, I'm not paying anything for this function: each account gets		
active	PASS	KEEP	09-serverless	03-tensorflow-lite.md	82	images/03-tensorflow-lite-01-load-keras-model-crisp.png	The notebook: importing TensorFlow 2.7.0 and loading clothing-model.h5 with Keras	original screenshot	3000x1836	PASS	none	PASS	```	We read the image, resize it to 299 by 299, convert it to an array,		
active	PASS	KEEP	09-serverless	03-tensorflow-lite.md	93	images/03-tensorflow-lite-02-03-predictions-to-tflite-crisp.png	Keras prediction scores, with pants highest, followed by converting the Keras model to TF-Lite and saving clothing-model.tflite	original screenshot	2048x768	PASS	none	PASS	```	The raw predictions are scores for each class. To make them		
active	PASS	KEEP	09-serverless	03-tensorflow-lite.md	139	images/03-tensorflow-lite-04-model-sizes-crisp.png	The sizes: clothing-model.h5 is 83M, the converted clothing-model.tflite is 81M	original screenshot	3000x1836	PASS	none	PASS	`clothing-model.tflite`.	## Using the TF-Lite model		
active	PASS	KEEP	09-serverless	03-tensorflow-lite.md	188	images/03-tensorflow-lite-05-interpreter-indexes-crisp.png	Creating the interpreter and getting the input and output indexes	original screenshot	3000x1836	PASS	none	PASS	output.	The predictions are the same as before - it's the same model, just		
active	PASS	KEEP	09-serverless	03-tensorflow-lite.md	221	images/03-tensorflow-lite-06-keras-preprocess-source-crisp.png	"The Keras source code: for mode ""tf"" the preprocessing is x /= 127.5 and x -= 1"	original screenshot	3000x720	PASS	none	PASS	We also need to make sure the array is `float32`:	```python		
active	PASS	KEEP	09-serverless	03-tensorflow-lite.md	263	images/03-tensorflow-lite-07-keras-image-helper-crisp.png	Installing keras-image-helper and creating the Xception preprocessor	original screenshot	3000x1836	PASS	none	PASS	```	The predictions stay exactly the same.		
active	PASS	KEEP	09-serverless	03-tensorflow-lite.md	278	images/03-tensorflow-lite-08-tflite-runtime-install-crisp.png	The TensorFlow Lite website: installing tflite-runtime with pip	original screenshot	3000x1836	PASS	none	PASS	separate package with just the inference part - the TF-Lite runtime:	```python		
active	PASS	KEEP	09-serverless	04-preparing-code.md	14	images/04-preparing-code-01-lesson-plan-crisp.png	The plan of the lesson, from the module notes	original screenshot	3000x2016	PASS	none	PASS	locally.	> Note: the materials in this unit are outdated.		
active	PASS	KEEP	09-serverless	04-preparing-code.md	29	images/04-preparing-code-02-nbconvert-crisp.png	Running nbconvert: the notebook is converted to tensorflow-model.py	original screenshot	3000x2016	PASS	none	PASS	```	This converts the notebook to a Python file with the same name -		
active	PASS	KEEP	09-serverless	04-preparing-code.md	34	images/04-preparing-code-03-generated-script-crisp.png	The generated tensorflow-model.py with the ipython cell magics left behind	original screenshot	3000x2016	PASS	none	PASS	`tensorflow-model.py`. Let's open it.	The generated script contains all the cells of the notebook converted		
active	PASS	KEEP	09-serverless	04-preparing-code.md	52	images/04-preparing-code-04-predict-function-crisp.png	Cleaning up the generated script: the predict function, and the lambda handler about to be written	original screenshot	3312x1320	PASS	none	PASS	dictionary form:	After cleaning, the script looks like this:		
active	PASS	KEEP	09-serverless	04-preparing-code.md	113	images/04-preparing-code-06-final-script-crisp.png	The complete script: predict and lambda_handler	original screenshot	3000x2016	PASS	none	PASS	```	We rename the file to `lambda_function.py` - this is where our lambda		
active	PASS	KEEP	09-serverless	04-preparing-code.md	134	images/04-preparing-code-05-test-in-ipython-crisp.png	Testing the script in IPython: predict returns the dictionary of scores	original screenshot	3000x2016	PASS	none	PASS	```	It works: it fetches the image, prepares it, makes the prediction, and		
active	PASS	KEEP	09-serverless	05-docker-image.md	29	images/05-docker-image-01-ecr-public-gallery-crisp.png	The Amazon ECR Public Gallery: the python image by AWS Lambda, with base images for Python	original screenshot	3300x1500	PASS	none	PASS	Python 3.8:	Next, we install the dependencies. We need keras-image-helper, and we		
active	PASS	KEEP	09-serverless	05-docker-image.md	60	images/05-docker-image-02-dockerfile-crisp.png	The complete Dockerfile with the CMD instruction pointing to lambda_function.lambda_handler	original screenshot	3000x1890	PASS	none	PASS	already, and we only overwrite the arguments passed to it.	## Building and running the image		
active	PASS	KEEP	09-serverless	05-docker-image.md	98	images/05-docker-image-03-test-script-crisp.png	Creating test.py with a POST request to the local Lambda endpoint	original screenshot	3000x1890	PASS	none	PASS	```	The URL looks strange, but that's how AWS does it: this long path		
active	PASS	KEEP	09-serverless	05-docker-image.md	120	images/05-docker-image-04-glibc-error-crisp.png	The GLIBC error in the terminal: lib64/libm.so.6 version GLIBC_2.27 not found	original screenshot	3300x1578	PASS	none	PASS	version of GLIBC that doesn't exist in the container:	```text		
active	PASS	KEEP	09-serverless	05-docker-image.md	143	images/05-docker-image-05-tflite-wheels-crisp.png	The tflite folder of the tflite-aws-lambda repository with precompiled wheels; the 2.7.0-cp38 wheel is highlighted	original screenshot	3300x1590	PASS	none	PASS	matching one:	With `pip install` you can pass a URL to a wheel file instead of a		
active	PASS	KEEP	09-serverless	05-docker-image.md	161	images/05-docker-image-06-rebuild-crisp.png	Rebuilding the image: pip installs tflite-runtime-2.7.0 from the wheel and the build succeeds	original screenshot	2682x1758	PASS	none	PASS	Rebuild the image:	Then run the container again and test.		
active	PASS	KEEP	09-serverless	05-docker-image.md	170	images/05-docker-image-07-float32-error-crisp.png	The updated Dockerfile with the wheel URL, and the float32 error in the terminal	original screenshot	3300x1848	PASS	none	PASS	it before in the Flask sessions:	```text		
active	PASS	KEEP	09-serverless	06-creating-lambda.md	36	images/06-creating-lambda-01-ecr-create-repository-crisp.png	Creating the ECR repository and installing the AWS CLI	original screenshot	2682x1758	PASS	none	PASS	details of the repository we just created:	```text		
active	PASS	KEEP	09-serverless	06-creating-lambda.md	119	images/06-creating-lambda-02-docker-push-crisp.png	docker push uploading the image layers to our ECR registry	original screenshot	2682x1758	PASS	none	PASS	refreshing the ECR page in the console shows the image with our tag.	## Creating the function		
active	PASS	KEEP	09-serverless	06-creating-lambda.md	135	images/06-creating-lambda-03-create-function-crisp.png	Creating the function from a container image; the console stores the image digest, and x86_64 is selected	original screenshot	3300x1608	PASS	none	PASS	preview, because the code now lives in the container image.	## Testing and configuring		
active	PASS	KEEP	09-serverless	06-creating-lambda.md	154	images/06-creating-lambda-04-timeout-error-crisp.png	The execution result: Task timed out after 3.00 seconds	original screenshot	3300x1608	PASS	none	PASS	```	Three seconds is the default timeout, and it's not sufficient for us.		
active	PASS	KEEP	09-serverless	06-creating-lambda.md	163	images/06-creating-lambda-05-configure-timeout-memory-crisp.png	Editing the configuration: 1024 MB of memory and a 30 second timeout	original screenshot	3300x1608	PASS	none	PASS	libraries and load the model. Save.	Test again - it's successful. We see the output we know: the		
active	PASS	KEEP	09-serverless	06-creating-lambda.md	176	images/06-creating-lambda-06-test-success-crisp.png	The second invocation: Duration 2226 ms, 1024 MB configured, at most 270 MB actually used	original screenshot	3300x1608	PASS	none	PASS	invocation is usually slower, the consequent ones are faster.	## Pricing		
active	PASS	KEEP	09-serverless	06-creating-lambda.md	188	images/06-creating-lambda-07-lambda-pricing-crisp.png	The AWS Lambda pricing page for Europe (Ireland): price per 1ms by memory	original screenshot	3300x1608	PASS	none	PASS	each memory setting.	Our function is configured with 1024 MB of memory - in my test run it		
active	PASS	KEEP	09-serverless	06-creating-lambda.md	195	images/06-creating-lambda-08-price-calculation-crisp.png	The calculation in IPython: price per image, per 10,000 images, per 1 million images on x86 and on ARM	original screenshot	3000x2040	PASS	none	PASS	quick calculation in Python:	- One image costs about 0.0000334 dollars ($0.000000167 x 2000 ms).		
active	PASS	KEEP	09-serverless	07-api-gateway.md	22	images/07-api-gateway-01-create-rest-api-crisp.png	Creating a new REST API in API Gateway	original screenshot	3300x1608	PASS	none	PASS	endpoint was `/predict`.	So: create a resource called `predict`. We don't need to configure		
active	PASS	KEEP	09-serverless	07-api-gateway.md	28	images/07-api-gateway-02-create-resource-crisp.png	Creating the predict resource	original screenshot	3300x1608	PASS	none	PASS	resource.	## Adding a POST method		
active	PASS	KEEP	09-serverless	07-api-gateway.md	44	images/07-api-gateway-03-lambda-permission-crisp.png	"The ""Add Permission to Lambda Function"" dialog"	original screenshot	3000x1890	PASS	none	PASS	be called by the gateway.	## Testing		
active	PASS	KEEP	09-serverless	07-api-gateway.md	58	images/07-api-gateway-04-method-test-crisp.png	The method test page for POST /predict	original screenshot	3300x1608	PASS	none	PASS	```	Run the test. It took about four seconds, and the response body		
active	PASS	KEEP	09-serverless	07-api-gateway.md	66	images/07-api-gateway-05-test-response-crisp.png	The test response: the class scores in the response body, and the execution logs	original screenshot	3300x1530	PASS	none	PASS	the function is already warm.	## Deploying the API		
active	PASS	KEEP	09-serverless	07-api-gateway.md	78	images/07-api-gateway-06-deploy-stage-crisp.png	"Deploying the API to a new stage called ""test"""	original screenshot	1520x980	PASS	none	PASS	URL instead, followed by `/predict` - the resource we created:	```python		
active	PASS	KEEP	09-serverless	07-api-gateway.md	92	images/07-api-gateway-07-test-py-gateway-url-crisp.png	The updated test.py with the API Gateway URL	original screenshot	3312x1848	PASS	none	PASS	```	When we run it, the request goes to API Gateway, which invokes the		
active	PASS	KEEP	09-serverless	08-summary.md	19	images/08-summary-01-lambda-handler-code-crisp.png	The lambda handler and the predict function we wrote in this session	original screenshot	3000x1890	PASS	none	PASS	deploy it to Lambda, and AWS takes care of everything else.	We only pay when the function is actually doing something: a request		
active	PASS	KEEP	09-serverless	08-summary.md	36	images/08-summary-02-summary-points-crisp.png	The summary points of this module	original screenshot	3000x1890	PASS	none	PASS	have any surprises there.	After deploying, the only things left to do were giving the function		
active	PASS	KEEP	09-serverless	08-summary.md	49	images/08-summary-03-tflite-inference-code-crisp.png	The TF-Lite inference code: set the input, invoke, get the output	original screenshot	3000x1890	PASS	none	PASS	more code than a plain `model.predict`.	The benefit is the size. Let's actually look at it. The TF-Lite		
active	PASS	KEEP	09-serverless	08-summary.md	55	images/08-summary-04-tflite-wheels-crisp.png	The precompiled TF-Lite runtime wheels for different Python versions	original screenshot	3300x1590	PASS	none	PASS	different Python and TensorFlow versions:	Now compare that with TensorFlow: the TensorFlow 2.7.0 wheel is a		
active	PASS	KEEP	09-serverless	08-summary.md	63	images/08-summary-05-tensorflow-wheel-size-crisp.png	The TensorFlow 2.7.0 wheels on PyPI: around 480 MB for Linux, packed	original screenshot	3300x1590	PASS	none	PASS	in size, which is exactly what we want when we deploy.	## Explore more		
active	PASS	KEEP	09-serverless	09-explore-more.md	3	images/09-explore-more-01-serverless-models-imagegen.png	A packaged model branches to serverless functions on several cloud providers and can support different model types.	conceptual imagegen	1672x941	PASS	none	PASS	# Explore more	*Figure: The serverless request-to-prediction pattern generalizes across providers and models.*		
active	PASS	KEEP	09-serverless	updates.md	12	images/updates-01-runtime-compatibility-imagegen.png	Python, NumPy, and the TensorFlow Lite runtime form a compatible pinned stack; mixing incompatible generations causes runtime problems.	conceptual imagegen	1672x941	PASS	none	PASS	Here's how you do it	*Figure: Pin and test the runtime components together instead of mixing incompatible generations.*		
active	PASS	KEEP	10-kubernetes	01-overview.md	32	images/01-overview-01-tf-serving-inference-imagegen.png	TensorFlow Serving: C++ inference with the clothes model	conceptual imagegen	1448x1086	PASS	none	PASS	array with 10 predictions - one score for each of the 10 classes we have.	## The gateway		
active	PASS	KEEP	10-kubernetes	01-overview.md	50	images/01-overview-02-architecture-imagegen.png	Website, gateway and TensorFlow Serving	conceptual imagegen	1619x971	PASS	none	PASS	user.	The gateway itself we implement in Flask - that gives us full control over		
active	PASS	KEEP	10-kubernetes	01-overview.md	56	images/01-overview-03-grpc-imagegen.png	The gateway talks to TensorFlow Serving over gRPC	conceptual imagegen	1536x1024	PASS	none	PASS	have much control over what happens there; we just use it as is.	## Two components, two ways to scale		
active	PASS	KEEP	10-kubernetes	01-overview.md	75	images/01-overview-05-cpu-gpu-imagegen.png	The gateway runs on CPU, TensorFlow Serving on GPU	conceptual imagegen	1536x1024	PASS	none	PASS	runs much faster on a GPU.	Because the components are separate, we can scale them independently. For		
active	PASS	KEEP	10-kubernetes	01-overview.md	84	images/01-overview-04-kubernetes-imagegen.png	Everything runs inside Kubernetes	conceptual imagegen	1448x1086	PASS	none	PASS	With one monolithic service we couldn't do that.	One more thing the gateway does is post-processing the output. We already		
active	PASS	KEEP	10-kubernetes	01-overview.md	110	images/01-overview-06-plan-crisp.png	The lesson plan for this module	original screenshot	3000x2160	PASS	none	PASS	should work with any cloud provider.	## Materials		
active	PASS	KEEP	10-kubernetes	02-tensorflow-serving.md	39	images/02-tensorflow-serving-01-saved-model-crisp.png	The SavedModel directory: saved_model.pb and variables	original screenshot	2760x1530	PASS	none	PASS	format - `saved_model.pb` plus a `variables` folder with the weights:	## Looking inside the SavedModel		
active	PASS	KEEP	10-kubernetes	02-tensorflow-serving.md	68	images/02-tensorflow-serving-02-signature-crisp.png	The signature definition of the model	original screenshot	3750x1239	PASS	none	PASS	```	This tells us how to talk to the model: the input is called `input_8` and		
active	PASS	KEEP	10-kubernetes	02-tensorflow-serving.md	113	images/02-tensorflow-serving-03-docker-run-crisp.png	Volume mapping: the model name and the version	original screenshot	2760x1494	PASS	none	PASS	`entering the event loop` and `status success`.	## gRPC and protobuf		
active	PASS	KEEP	10-kubernetes	02-tensorflow-serving.md	136	images/02-tensorflow-serving-04-install-libraries-crisp.png	Installing the libraries in the notebook	original screenshot	3000x1230	PASS	none	PASS	```	Then we import what we need and create a gRPC channel to the server:		
active	PASS	KEEP	10-kubernetes	02-tensorflow-serving.md	166	images/02-tensorflow-serving-05-grpc-stub-crisp.png	Connecting to TensorFlow Serving: host, channel and stub	original screenshot	3000x1650	PASS	none	PASS	we'll use for making predictions.	For pre-processing we use `keras-image-helper`. It downloads the image from		
active	PASS	KEEP	10-kubernetes	02-tensorflow-serving.md	204	images/02-tensorflow-serving-06-prepare-request-crisp.png	Preparing the prediction request	original screenshot	3000x1740	PASS	none	PASS	```	Then we send the request to TensorFlow Serving:		
active	PASS	KEEP	10-kubernetes	02-tensorflow-serving.md	261	images/02-tensorflow-serving-07-prediction-crisp.png	Turning the raw scores into class names	original screenshot	1520x1120	PASS	none	PASS	'pants' clearly wins, so the model classified the image correctly.	In the next lesson we turn this notebook into a pre-processing service.		
active	PASS	KEEP	10-kubernetes	03-preprocessing.md	39	images/03-preprocessing-01-nbconvert-crisp.png	Converting the notebook with jupyter nbconvert	original screenshot	2940x1542	PASS	none	PASS	prints the predictions, with `pants` on top.	To prepare the request we put the model name, the signature and our		
active	PASS	KEEP	10-kubernetes	03-preprocessing.md	86	images/03-preprocessing-02-gateway-script-crisp.png	Preparing the request and invoking the model in the gateway script	original screenshot	3000x1920	PASS	none	PASS	```	For the Flask app we can reuse the code from session 5 - the churn		
active	PASS	KEEP	10-kubernetes	03-preprocessing.md	105	images/03-preprocessing-03-flask-app-crisp.png	The Flask app part of gateway.py	original screenshot	3000x1920	PASS	none	PASS	```	Like in session 5, we also create a `test.py` for testing the service:		
active	PASS	KEEP	10-kubernetes	03-preprocessing.md	149	images/03-preprocessing-05-tensorflow-protobuf-crisp.png	The tensorflow-protobuf README: the verbose version without the baggage	original screenshot	3000x1920	PASS	none	PASS	code becomes a bit more verbose - but without the 2 GB baggage:	And we put the conversion code in a separate script,		
active	PASS	KEEP	10-kubernetes	03-preprocessing.md	187	images/03-preprocessing-06-proto-py-crisp.png	The proto.py script with the protobuf conversion code	original screenshot	3000x1920	PASS	none	PASS	Serving expects, without needing the full TensorFlow library installed.	In `gateway.py` we remove the old function and simply import from this		
active	PASS	KEEP	10-kubernetes	03-preprocessing.md	196	images/03-preprocessing-04-pipenv-install-crisp.png	Installing the dependencies with pipenv and testing the gateway	original screenshot	2760x1704	PASS	none	PASS	because we only load the parts of the code we need.	That's it for this lesson: TensorFlow Serving runs in a Docker container,		
active	PASS	KEEP	10-kubernetes	04-docker-compose.md	99	images/04-docker-compose-03-isolated-containers-imagegen.png	Two isolated containers: each maps its port to the host, but they cannot reach each other	conceptual imagegen	1536x1024	PASS	none	PASS	one network, where they can talk to each other.	Docker Compose requires a YAML file which is executed when running the		
active	PASS	KEEP	10-kubernetes	05-kubernetes-intro.md	34	images/05-kubernetes-intro-01-cluster-nodes-pods-imagegen.png	A cluster with two nodes, each running pods	conceptual imagegen	1448x1086	PASS	none	PASS	take more CPU and RAM, another one less.	## Deployments		
active	PASS	KEEP	10-kubernetes	05-kubernetes-intro.md	48	images/05-kubernetes-intro-02-deployments-imagegen.png	Two deployments: gateway pods and TF-Serving pods, each with the same image and config	conceptual imagegen	1438x1093	PASS	none	PASS	resources.	So, to write it down: a node is approximately a server or computer, a pod		
active	PASS	KEEP	10-kubernetes	05-kubernetes-intro.md	74	images/05-kubernetes-intro-03-services-crisp.png	The user talks to the gateway service; the gateway talks to the model service	original screenshot	1441x1091	PASS	none	PASS	and replies with predictions, which come all the way back to the user.	So we can think of a service as the main point of entry to a deployment:		
active	PASS	KEEP	10-kubernetes	05-kubernetes-intro.md	94	images/05-kubernetes-intro-05-definitions-imagegen.png	The whiteboard definitions: node, pod, deployment, service, ingress	conceptual imagegen	1441x1091	PASS	none	PASS	to the cluster.	![External and internal services, with ingress in front of the cluster](images/05-kubernetes-intro-04-external-internal-ingress-imagegen.png)		
active	PASS	KEEP	10-kubernetes	05-kubernetes-intro.md	96	images/05-kubernetes-intro-04-external-internal-ingress-imagegen.png	External and internal services, with ingress in front of the cluster	conceptual imagegen	1441x1091	PASS	none	PASS	![The whiteboard definitions: node, pod, deployment, service, ingress](images/05-kubernetes-intro-05-definitions-imagegen.png)	## Scaling		
active	PASS	KEEP	10-kubernetes	05-kubernetes-intro.md	112	images/05-kubernetes-intro-06-scaling-imagegen.png	More users, more pods: Kubernetes scales the deployments up	conceptual imagegen	1442x1091	PASS	none	PASS	gets created, and the new pods are placed there.	This is the mechanism for dealing with traffic increases. Most of what we		
active	PASS	KEEP	10-kubernetes	06-kubernetes-simple-service.md	96	images/06-kubernetes-simple-service-01-ping-app-crisp.png	The ping application: ping.py, and pipenv adding gunicorn	original screenshot	3576x2082	PASS	none	PASS	```	Now we can run the Docker container and, in a separate terminal, test the		
active	PASS	KEEP	10-kubernetes	06-kubernetes-simple-service.md	101	images/06-kubernetes-simple-service-02-build-ping-crisp.png	Building the image: Successfully tagged ping:v001	original screenshot	3576x1938	PASS	none	PASS	application with `curl localhost:9696/ping` - it should answer `PONG`.	## Installing kubectl and kind		
active	PASS	KEEP	10-kubernetes	06-kubernetes-simple-service.md	141	images/06-kubernetes-simple-service-03-cluster-info-crisp.png	cluster-info, and the default kubernetes service in a fresh cluster	original screenshot	2682x1644	PASS	none	PASS	```	## Creating a deployment		
active	PASS	KEEP	10-kubernetes	06-kubernetes-simple-service.md	179	images/06-kubernetes-simple-service-04-deployment-yaml-crisp.png	The deployment.yaml: all pods with label app=ping belong to this deployment, and each pod gets this label	original screenshot	3576x2082	PASS	none	PASS	```	We can now apply the `deployment.yaml` to our Kubernetes cluster:		
active	PASS	KEEP	10-kubernetes	06-kubernetes-simple-service.md	213	images/06-kubernetes-simple-service-05-kind-load-crisp.png	Loading the image into kind, checking the pod, and port-forwarding	original screenshot	2682x1860	PASS	none	PASS	anymore.	## Creating a service		
active	PASS	KEEP	10-kubernetes	06-kubernetes-simple-service.md	234	images/06-kubernetes-simple-service-06-service-yaml-crisp.png	The service.yaml: the name of the service, and which pods qualify for forwarding requests	original screenshot	3576x2082	PASS	none	PASS	```	One more thing to fill in: the service type. There are several options -		
active	PASS	KEEP	10-kubernetes	06-kubernetes-simple-service.md	262	images/06-kubernetes-simple-service-07-service-lb-crisp.png	Creating the service: first ClusterIP, then LoadBalancer with external IP pending	original screenshot	2670x1896	PASS	none	PASS	forever.	We can still test the service by port forwarding, pretending that we are		
active	PASS	KEEP	10-kubernetes	07-kubernetes-tf-serving.md	15	images/07-kubernetes-tf-serving-01-kube-config-crisp.png	The kube-config folder with the configuration files, and the deployment template	original screenshot	3576x2082	PASS	none	PASS	configuration files in a separate folder `kube-config`.	## Deploying the TF-Serving model		
active	PASS	KEEP	10-kubernetes	07-kubernetes-tf-serving.md	78	images/07-kubernetes-tf-serving-02-model-deployment-crisp.png	Loading the model image into kind, applying the deployment	original screenshot	2682x1914	PASS	none	PASS	connects to `localhost:8500` by default, so we get predictions.	![Testing the model deployment: port-forwarding to the pod and running gateway.py](images/07-kubernetes-tf-serving-03-model-test-crisp.png)		
active	PASS	KEEP	10-kubernetes	07-kubernetes-tf-serving.md	80	images/07-kubernetes-tf-serving-03-model-test-crisp.png	Testing the model deployment: port-forwarding to the pod and running gateway.py	original screenshot	1388x1276	PASS	none	PASS	![Loading the model image into kind, applying the deployment](images/07-kubernetes-tf-serving-02-model-deployment-crisp.png)	## Creating the model service	source-faithful terminal/source crop retained	
active	PASS	KEEP	10-kubernetes	07-kubernetes-tf-serving.md	121	images/07-kubernetes-tf-serving-04-model-service-crisp.png	The model service: a ClusterIP service in front of the TF-Serving pods	original screenshot	3576x2082	PASS	none	PASS	then run `gateway.py` again for predictions.	## Deploying the gateway		
active	PASS	KEEP	10-kubernetes	07-kubernetes-tf-serving.md	161	images/07-kubernetes-tf-serving-05-gateway-deployment-crisp.png	The gateway deployment: the TF_SERVING_HOST env var points to the model service	original screenshot	3576x2082	PASS	none	PASS	```	Load the gateway image into kind and create the gateway deployment:		
active	PASS	KEEP	10-kubernetes	07-kubernetes-tf-serving.md	204	images/07-kubernetes-tf-serving-06-telnet-crisp.png	Testing connectivity from inside a pod with telnet	original screenshot	2682x1902	PASS	none	PASS	should use.	## Creating the gateway service		
active	PASS	KEEP	10-kubernetes	07-kubernetes-tf-serving.md	246	images/07-kubernetes-tf-serving-07-gateway-service-crisp.png	The gateway service as a LoadBalancer, and port-forwarding to it for testing	original screenshot	2682x1902	PASS	none	PASS	and replace the url in `test.py` with port 8080 to get predictions.	On kind the external IP of the service stays `<pending>` unless MetalLB		
active	PASS	KEEP	10-kubernetes	08-eks.md	18	images/08-eks-01-eksctl-install-crisp.png	Downloading and unpacking eksctl into ~/bin	original screenshot	2682x1902	PASS	none	PASS	before, so it's on the `PATH`:	One thing to note before starting: EKS is not part of the Amazon Web		
active	PASS	KEEP	10-kubernetes	08-eks.md	50	images/08-eks-02-eks-config-crisp.png	The eks-config.yaml file with the cluster and node group configuration	original screenshot	3576x2082	PASS	none	PASS	```	Creating the cluster takes a while - up to 15-20 minutes. Eksctl		
active	PASS	KEEP	10-kubernetes	08-eks.md	63	images/08-eks-04-create-cluster-crisp.png	eksctl create cluster, and the EKS node visible with kubectl get nodes	original screenshot	2700x1902	PASS	none	PASS	kind node is still there, but kubectl already points to EKS).	## Publishing the images to ECR		
active	PASS	KEEP	10-kubernetes	08-eks.md	111	images/08-eks-03-ecr-push-crisp.png	Tagging the local images for ECR	original screenshot	3576x2082	PASS	none	PASS	simple, but check the AWS docs for the recommended one.	Finally we get the URI of these images with `echo ${MODEL_REMOTE}` and		
active	PASS	KEEP	10-kubernetes	08-eks.md	152	images/08-eks-05-external-ip-crisp.png	The gateway service with its external load balancer DNS name	original screenshot	2700x1902	PASS	none	PASS	update needs some time to propagate through the internet.	We take this URL and put it into `test.py` as the access URL for		
active	PASS	KEEP	10-kubernetes	08-eks.md	174	images/08-eks-06-aws-console-crisp.png	The EKS node in the EC2 panel of the AWS console	original screenshot	3576x1542	PASS	none	PASS	load balancer for us.	One thing to keep in mind: this load balancer is open to everyone.		
active	PASS	KEEP	10-kubernetes	09-summary.md	26	images/09-summary-01-architecture-imagegen.png	The two-tier architecture: gateway and TensorFlow Serving inside Kubernetes	conceptual imagegen	1536x1024	PASS	none	PASS	over gRPC.	Having two components instead of one makes the system more complex, but		
active	PASS	KEEP	10-kubernetes	09-summary.md	62	images/09-summary-02-local-alternatives-crisp.png	Local Kubernetes alternatives, and tools worth knowing	original screenshot	3018x2082	PASS	none	PASS	while kind is more lightweight. Try them and see what you like more.	There are also a couple of tools worth knowing that weren't in that list		
active	PASS	KEEP	10-kubernetes	10-explore-more.md	4	images/10-explore-more-01-cluster-options-imagegen.png	A Kubernetes namespace contains model and gateway services, while the same deployment idea can run locally or in managed cloud Kubernetes.	conceptual imagegen	1672x941	PASS	none	PASS	# Explore more	*Figure: Reuse the same service deployment pattern across local clusters and managed cloud Kubernetes.*		
